continent,location,date,total_cases_per_million,new_cases_per_million,total_deaths_per_million,new_deaths_per_million,total_tests,total_tests_per_thousand,new_tests,new_tests_per_thousand,positive_rate,total_vaccinations,people_vaccinated,people_fully_vaccinated,population,median_age,aged_65_older,aged_70_older,cardiovasc_death_rate,diabetes_prevalence,life_expectancy
North America,United States,1/22/2020,0.003,0.0,0.0,0.0,0.0,0.0,0.0,0.0,0.0,0.0,0.0,0.0,331002647.0,38.3,15.413,9.732000000000001,151.089,10.79,78.86
North America,United States,1/23/2020,0.003,0.0,0.0,0.0,0.0,0.0,0.0,0.0,0.0,0.0,0.0,0.0,331002647.0,38.3,15.413,9.732000000000001,151.089,10.79,78.86
North America,United States,1/24/2020,0.006,0.003,0.0,0.0,0.0,0.0,0.0,0.0,0.0,0.0,0.0,0.0,331002647.0,38.3,15.413,9.732000000000001,151.089,10.79,78.86
North America,United States,1/25/2020,0.006,0.0,0.0,0.0,0.0,0.0,0.0,0.0,0.0,0.0,0.0,0.0,331002647.0,38.3,15.413,9.732000000000001,151.089,10.79,78.86
North America,United States,1/26/2020,0.015,0.009000000000000001,0.0,0.0,0.0,0.0,0.0,0.0,0.0,0.0,0.0,0.0,331002647.0,38.3,15.413,9.732000000000001,151.089,10.79,78.86
North America,United States,1/27/2020,0.015,0.0,0.0,0.0,0.0,0.0,0.0,0.0,0.0,0.0,0.0,0.0,331002647.0,38.3,15.413,9.732000000000001,151.089,10.79,78.86
North America,United States,1/28/2020,0.015,0.0,0.0,0.0,0.0,0.0,0.0,0.0,0.0,0.0,0.0,0.0,331002647.0,38.3,15.413,9.732000000000001,151.089,10.79,78.86
North America,United States,1/29/2020,0.018000000000000002,0.003,0.0,0.0,0.0,0.0,0.0,0.0,0.0,0.0,0.0,0.0,331002647.0,38.3,15.413,9.732000000000001,151.089,10.79,78.86
North America,United States,1/30/2020,0.018000000000000002,0.0,0.0,0.0,0.0,0.0,0.0,0.0,0.0,0.0,0.0,0.0,331002647.0,38.3,15.413,9.732000000000001,151.089,10.79,78.86
North America,United States,1/31/2020,0.024,0.006,0.0,0.0,0.0,0.0,0.0,0.0,0.0,0.0,0.0,0.0,331002647.0,38.3,15.413,9.732000000000001,151.089,10.79,78.86
North America,United States,2/1/2020,0.024,0.0,0.0,0.0,0.0,0.0,0.0,0.0,0.0,0.0,0.0,0.0,331002647.0,38.3,15.413,9.732000000000001,151.089,10.79,78.86
North America,United States,2/2/2020,0.024,0.0,0.0,0.0,0.0,0.0,0.0,0.0,0.0,0.0,0.0,0.0,331002647.0,38.3,15.413,9.732000000000001,151.089,10.79,78.86
North America,United States,2/3/2020,0.033,0.009000000000000001,0.0,0.0,0.0,0.0,0.0,0.0,0.0,0.0,0.0,0.0,331002647.0,38.3,15.413,9.732000000000001,151.089,10.79,78.86
North America,United States,2/4/2020,0.033,0.0,0.0,0.0,0.0,0.0,0.0,0.0,0.0,0.0,0.0,0.0,331002647.0,38.3,15.413,9.732000000000001,151.089,10.79,78.86
North America,United States,2/5/2020,0.033,0.0,0.0,0.0,0.0,0.0,0.0,0.0,0.0,0.0,0.0,0.0,331002647.0,38.3,15.413,9.732000000000001,151.089,10.79,78.86
North America,United States,2/6/2020,0.036000000000000004,0.003,0.0,0.0,0.0,0.0,0.0,0.0,0.0,0.0,0.0,0.0,331002647.0,38.3,15.413,9.732000000000001,151.089,10.79,78.86
North America,United States,2/7/2020,0.036000000000000004,0.0,0.0,0.0,0.0,0.0,0.0,0.0,0.0,0.0,0.0,0.0,331002647.0,38.3,15.413,9.732000000000001,151.089,10.79,78.86
North America,United States,2/8/2020,0.036000000000000004,0.0,0.0,0.0,0.0,0.0,0.0,0.0,0.0,0.0,0.0,0.0,331002647.0,38.3,15.413,9.732000000000001,151.089,10.79,78.86
North America,United States,2/9/2020,0.036000000000000004,0.0,0.0,0.0,0.0,0.0,0.0,0.0,0.0,0.0,0.0,0.0,331002647.0,38.3,15.413,9.732000000000001,151.089,10.79,78.86
North America,United States,2/10/2020,0.036000000000000004,0.0,0.0,0.0,0.0,0.0,0.0,0.0,0.0,0.0,0.0,0.0,331002647.0,38.3,15.413,9.732000000000001,151.089,10.79,78.86
North America,United States,2/11/2020,0.039,0.003,0.0,0.0,0.0,0.0,0.0,0.0,0.0,0.0,0.0,0.0,331002647.0,38.3,15.413,9.732000000000001,151.089,10.79,78.86
North America,United States,2/12/2020,0.039,0.0,0.0,0.0,0.0,0.0,0.0,0.0,0.0,0.0,0.0,0.0,331002647.0,38.3,15.413,9.732000000000001,151.089,10.79,78.86
North America,United States,2/13/2020,0.042,0.003,0.0,0.0,0.0,0.0,0.0,0.0,0.0,0.0,0.0,0.0,331002647.0,38.3,15.413,9.732000000000001,151.089,10.79,78.86
North America,United States,2/14/2020,0.042,0.0,0.0,0.0,0.0,0.0,0.0,0.0,0.0,0.0,0.0,0.0,331002647.0,38.3,15.413,9.732000000000001,151.089,10.79,78.86
North America,United States,2/15/2020,0.042,0.0,0.0,0.0,0.0,0.0,0.0,0.0,0.0,0.0,0.0,0.0,331002647.0,38.3,15.413,9.732000000000001,151.089,10.79,78.86
North America,United States,2/16/2020,0.042,0.0,0.0,0.0,0.0,0.0,0.0,0.0,0.0,0.0,0.0,0.0,331002647.0,38.3,15.413,9.732000000000001,151.089,10.79,78.86
North America,United States,2/17/2020,0.042,0.0,0.0,0.0,0.0,0.0,0.0,0.0,0.0,0.0,0.0,0.0,331002647.0,38.3,15.413,9.732000000000001,151.089,10.79,78.86
North America,United States,2/18/2020,0.042,0.0,0.0,0.0,0.0,0.0,0.0,0.0,0.0,0.0,0.0,0.0,331002647.0,38.3,15.413,9.732000000000001,151.089,10.79,78.86
North America,United States,2/19/2020,0.042,0.0,0.0,0.0,0.0,0.0,0.0,0.0,0.0,0.0,0.0,0.0,331002647.0,38.3,15.413,9.732000000000001,151.089,10.79,78.86
North America,United States,2/20/2020,0.042,0.0,0.0,0.0,0.0,0.0,0.0,0.0,0.0,0.0,0.0,0.0,331002647.0,38.3,15.413,9.732000000000001,151.089,10.79,78.86
North America,United States,2/21/2020,0.048,0.006,0.0,0.0,0.0,0.0,0.0,0.0,0.0,0.0,0.0,0.0,331002647.0,38.3,15.413,9.732000000000001,151.089,10.79,78.86
North America,United States,2/22/2020,0.048,0.0,0.0,0.0,0.0,0.0,0.0,0.0,0.0,0.0,0.0,0.0,331002647.0,38.3,15.413,9.732000000000001,151.089,10.79,78.86
North America,United States,2/23/2020,0.048,0.0,0.0,0.0,0.0,0.0,0.0,0.0,0.0,0.0,0.0,0.0,331002647.0,38.3,15.413,9.732000000000001,151.089,10.79,78.86
North America,United States,2/24/2020,0.048,0.0,0.0,0.0,0.0,0.0,0.0,0.0,0.0,0.0,0.0,0.0,331002647.0,38.3,15.413,9.732000000000001,151.089,10.79,78.86
North America,United States,2/25/2020,0.048,0.0,0.0,0.0,0.0,0.0,0.0,0.0,0.0,0.0,0.0,0.0,331002647.0,38.3,15.413,9.732000000000001,151.089,10.79,78.86
North America,United States,2/26/2020,0.048,0.0,0.0,0.0,0.0,0.0,0.0,0.0,0.0,0.0,0.0,0.0,331002647.0,38.3,15.413,9.732000000000001,151.089,10.79,78.86
North America,United States,2/27/2020,0.051,0.003,0.0,0.0,0.0,0.0,0.0,0.0,0.0,0.0,0.0,0.0,331002647.0,38.3,15.413,9.732000000000001,151.089,10.79,78.86
North America,United States,2/28/2020,0.051,0.0,0.0,0.0,0.0,0.0,0.0,0.0,0.0,0.0,0.0,0.0,331002647.0,38.3,15.413,9.732000000000001,151.089,10.79,78.86
North America,United States,2/29/2020,0.076,0.024,0.003,0.003,0.0,0.0,0.0,0.0,0.0,0.0,0.0,0.0,331002647.0,38.3,15.413,9.732000000000001,151.089,10.79,78.86
North America,United States,3/1/2020,0.09699999999999999,0.021,0.003,0.0,309.0,0.001,309.0,0.001,0.0,0.0,0.0,0.0,331002647.0,38.3,15.413,9.732000000000001,151.089,10.79,78.86
North America,United States,3/2/2020,0.166,0.069,0.018000000000000002,0.015,859.0,0.003,550.0,0.002,0.0,0.0,0.0,0.0,331002647.0,38.3,15.413,9.732000000000001,151.089,10.79,78.86
North America,United States,3/3/2020,0.22399999999999998,0.057,0.021,0.003,1792.0,0.005,933.0,0.003,0.0,0.0,0.0,0.0,331002647.0,38.3,15.413,9.732000000000001,151.089,10.79,78.86
North America,United States,3/4/2020,0.32299999999999995,0.1,0.033,0.012,2717.0,0.008,925.0,0.003,0.0,0.0,0.0,0.0,331002647.0,38.3,15.413,9.732000000000001,151.089,10.79,78.86
North America,United States,3/5/2020,0.556,0.233,0.036000000000000004,0.003,3887.0,0.012,1170.0,0.004,0.0,0.0,0.0,0.0,331002647.0,38.3,15.413,9.732000000000001,151.089,10.79,78.86
North America,United States,3/6/2020,0.716,0.16,0.042,0.006,5406.0,0.016,1519.0,0.005,0.0,0.0,0.0,0.0,331002647.0,38.3,15.413,9.732000000000001,151.089,10.79,78.86
North America,United States,3/7/2020,1.218,0.502,0.051,0.009000000000000001,7227.0,0.022000000000000002,1821.0,0.006,0.035,0.0,0.0,0.0,331002647.0,38.3,15.413,9.732000000000001,151.089,10.79,78.86
North America,United States,3/8/2020,1.568,0.35,0.063,0.012,8830.0,0.027000000000000003,1603.0,0.005,0.047,0.0,0.0,0.0,331002647.0,38.3,15.413,9.732000000000001,151.089,10.79,78.86
North America,United States,3/9/2020,1.795,0.22699999999999998,0.066,0.003,11072.0,0.033,2242.0,0.006999999999999999,0.057999999999999996,0.0,0.0,0.0,331002647.0,38.3,15.413,9.732000000000001,151.089,10.79,78.86
North America,United States,3/10/2020,2.363,0.568,0.085,0.018000000000000002,14314.0,0.043,3242.0,0.01,0.069,0.0,0.0,0.0,331002647.0,38.3,15.413,9.732000000000001,151.089,10.79,78.86
North America,United States,3/11/2020,3.465,1.103,0.1,0.015,18875.0,0.057,4561.0,0.013999999999999999,0.07,0.0,0.0,0.0,331002647.0,38.3,15.413,9.732000000000001,151.089,10.79,78.86
North America,United States,3/12/2020,4.792,1.3259999999999998,0.13,0.03,27496.0,0.083,8621.0,0.026000000000000002,0.064,0.0,0.0,0.0,331002647.0,38.3,15.413,9.732000000000001,151.089,10.79,78.86
North America,United States,3/13/2020,6.704,1.912,0.154,0.024,38918.0,0.11800000000000001,11422.0,0.035,0.052000000000000005,0.0,0.0,0.0,331002647.0,38.3,15.413,9.732000000000001,151.089,10.79,78.86
North America,United States,3/14/2020,8.997,2.293,0.175,0.021,51747.0,0.156,12829.0,0.039,0.046,0.0,0.0,0.0,331002647.0,38.3,15.413,9.732000000000001,151.089,10.79,78.86
North America,United States,3/15/2020,9.704,0.7070000000000001,0.21100000000000002,0.036000000000000004,66025.0,0.19899999999999998,14278.0,0.043,0.054000000000000006,0.0,0.0,0.0,331002647.0,38.3,15.413,9.732000000000001,151.089,10.79,78.86
North America,United States,3/16/2020,14.136,4.4319999999999995,0.293,0.08199999999999999,93036.0,0.281,27011.0,0.08199999999999999,0.045,0.0,0.0,0.0,331002647.0,38.3,15.413,9.732000000000001,151.089,10.79,78.86
North America,United States,3/17/2020,19.674,5.537999999999999,0.405,0.11199999999999999,132627.0,0.401,39591.0,0.12,0.052000000000000005,0.0,0.0,0.0,331002647.0,38.3,15.413,9.732000000000001,151.089,10.79,78.86
North America,United States,3/18/2020,27.701,8.027000000000001,0.586,0.18100000000000002,182750.0,0.552,50123.0,0.151,0.057,0.0,0.0,0.0,331002647.0,38.3,15.413,9.732000000000001,151.089,10.79,78.86
North America,United States,3/19/2020,41.278,13.577,0.804,0.218,242697.0,0.733,59947.0,0.18100000000000002,0.063,0.0,0.0,0.0,331002647.0,38.3,15.413,9.732000000000001,151.089,10.79,78.86
North America,United States,3/20/2020,60.513000000000005,19.235,1.124,0.32,317675.0,0.96,74978.0,0.22699999999999998,0.061,0.0,0.0,0.0,331002647.0,38.3,15.413,9.732000000000001,151.089,10.79,78.86
North America,United States,3/21/2020,78.625,18.112000000000002,1.435,0.311,392666.0,1.186,74991.0,0.22699999999999998,0.066,0.0,0.0,0.0,331002647.0,38.3,15.413,9.732000000000001,151.089,10.79,78.86
North America,United States,3/22/2020,105.431,26.805999999999997,1.801,0.366,465704.0,1.4069999999999998,73038.0,0.221,0.075,0.0,0.0,0.0,331002647.0,38.3,15.413,9.732000000000001,151.089,10.79,78.86
North America,United States,3/23/2020,139.38299999999998,33.951,2.381,0.58,543367.0,1.642,77663.0,0.235,0.08900000000000001,0.0,0.0,0.0,331002647.0,38.3,15.413,9.732000000000001,151.089,10.79,78.86
North America,United States,3/24/2020,171.46400000000003,32.080999999999996,3.115,0.7340000000000001,645632.0,1.9509999999999998,102265.0,0.309,0.092,0.0,0.0,0.0,331002647.0,38.3,15.413,9.732000000000001,151.089,10.79,78.86
North America,United States,3/25/2020,207.965,36.501,4.121,1.006,758294.0,2.291,112662.0,0.34,0.10099999999999999,0.0,0.0,0.0,331002647.0,38.3,15.413,9.732000000000001,151.089,10.79,78.86
North America,United States,3/26/2020,261.91,53.945,5.39,1.2690000000000001,886037.0,2.677,127743.0,0.386,0.109,0.0,0.0,0.0,331002647.0,38.3,15.413,9.732000000000001,151.089,10.79,78.86
North America,United States,3/27/2020,318.375,56.465,6.9670000000000005,1.577,1019243.0,3.0789999999999997,133206.0,0.402,0.121,0.0,0.0,0.0,331002647.0,38.3,15.413,9.732000000000001,151.089,10.79,78.86
North America,United States,3/28/2020,377.68,59.305,8.906,1.94,1138309.0,3.4389999999999996,119066.0,0.36,0.132,0.0,0.0,0.0,331002647.0,38.3,15.413,9.732000000000001,151.089,10.79,78.86
North America,United States,3/29/2020,434.776,57.096000000000004,10.790999999999999,1.885,1246242.0,3.765,107933.0,0.326,0.138,0.0,0.0,0.0,331002647.0,38.3,15.413,9.732000000000001,151.089,10.79,78.86
North America,United States,3/30/2020,501.467,66.691,12.946,2.154,1366349.0,4.128,120107.0,0.363,0.14400000000000002,0.0,0.0,0.0,331002647.0,38.3,15.413,9.732000000000001,151.089,10.79,78.86
North America,United States,3/31/2020,580.965,79.498,16.223,3.278,1505879.0,4.5489999999999995,139530.0,0.42200000000000004,0.153,0.0,0.0,0.0,331002647.0,38.3,15.413,9.732000000000001,151.089,10.79,78.86
North America,United States,4/1/2020,678.375,97.41,20.102999999999998,3.8789999999999996,1656316.0,5.004,150437.0,0.45399999999999996,0.161,0.0,0.0,0.0,331002647.0,38.3,15.413,9.732000000000001,151.089,10.79,78.86
North America,United States,4/2/2020,775.7610000000001,97.38600000000001,24.67,4.5680000000000005,1815776.0,5.486000000000001,159460.0,0.48200000000000004,0.165,0.0,0.0,0.0,331002647.0,38.3,15.413,9.732000000000001,151.089,10.79,78.86
North America,United States,4/3/2020,873.304,97.54299999999999,28.991,4.32,1982386.0,5.989,166610.0,0.503,0.177,0.0,0.0,0.0,331002647.0,38.3,15.413,9.732000000000001,151.089,10.79,78.86
North America,United States,4/4/2020,971.237,97.93299999999999,33.719,4.728,2127558.0,6.428,145172.0,0.439,0.184,0.0,0.0,0.0,331002647.0,38.3,15.413,9.732000000000001,151.089,10.79,78.86
North America,United States,4/5/2020,1061.499,90.262,38.592,4.873,2265717.0,6.845,138159.0,0.41700000000000004,0.18600000000000003,0.0,0.0,0.0,331002647.0,38.3,15.413,9.732000000000001,151.089,10.79,78.86
North America,United States,4/6/2020,1156.305,94.806,43.942,5.35,2405894.0,7.269,140177.0,0.423,0.20199999999999999,0.0,0.0,0.0,331002647.0,38.3,15.413,9.732000000000001,151.089,10.79,78.86
North America,United States,4/7/2020,1249.256,92.95100000000001,51.731,7.787999999999999,2582571.0,7.8020000000000005,176677.0,0.534,0.195,0.0,0.0,0.0,331002647.0,38.3,15.413,9.732000000000001,151.089,10.79,78.86
North America,United States,4/8/2020,1343.491,94.235,58.24100000000001,6.511,2747879.0,8.302,165308.0,0.499,0.196,0.0,0.0,0.0,331002647.0,38.3,15.413,9.732000000000001,151.089,10.79,78.86
North America,United States,4/9/2020,1452.0729999999999,108.58200000000001,64.89399999999999,6.653,2919169.0,8.818999999999999,171290.0,0.517,0.19899999999999998,0.0,0.0,0.0,331002647.0,38.3,15.413,9.732000000000001,151.089,10.79,78.86
North America,United States,4/10/2020,1556.045,103.97200000000001,71.52199999999999,6.627999999999999,3094832.0,9.35,175663.0,0.531,0.19699999999999998,0.0,0.0,0.0,331002647.0,38.3,15.413,9.732000000000001,151.089,10.79,78.86
North America,United States,4/11/2020,1644.05,88.005,77.95100000000001,6.428999999999999,3306836.0,9.99,212004.0,0.64,0.187,0.0,0.0,0.0,331002647.0,38.3,15.413,9.732000000000001,151.089,10.79,78.86
North America,United States,4/12/2020,1726.391,82.34100000000001,83.61,5.659,3417313.0,10.324000000000002,110477.0,0.33399999999999996,0.19399999999999998,0.0,0.0,0.0,331002647.0,38.3,15.413,9.732000000000001,151.089,10.79,78.86
North America,United States,4/13/2020,1807.75,81.359,89.691,6.082000000000001,3530546.0,10.665999999999999,113233.0,0.342,0.183,0.0,0.0,0.0,331002647.0,38.3,15.413,9.732000000000001,151.089,10.79,78.86
North America,United States,4/14/2020,1894.701,86.95100000000001,97.045,7.353,3691427.0,11.152000000000001,160881.0,0.486,0.18899999999999997,0.0,0.0,0.0,331002647.0,38.3,15.413,9.732000000000001,151.089,10.79,78.86
North America,United States,4/15/2020,1971.558,76.857,104.915,7.87,3862654.0,11.67,171227.0,0.517,0.184,0.0,0.0,0.0,331002647.0,38.3,15.413,9.732000000000001,151.089,10.79,78.86
North America,United States,4/16/2020,2062.298,90.73899999999999,111.389,6.474,4043471.0,12.216,180817.0,0.546,0.18,0.0,0.0,0.0,331002647.0,38.3,15.413,9.732000000000001,151.089,10.79,78.86
North America,United States,4/17/2020,2162.085,99.788,117.76,6.372000000000001,4238454.0,12.805,194983.0,0.589,0.17300000000000001,0.0,0.0,0.0,331002647.0,38.3,15.413,9.732000000000001,151.089,10.79,78.86
North America,United States,4/18/2020,2246.471,84.38600000000001,123.742,5.982,4402821.0,13.300999999999998,164367.0,0.49700000000000005,0.17800000000000002,0.0,0.0,0.0,331002647.0,38.3,15.413,9.732000000000001,151.089,10.79,78.86
North America,United States,4/19/2020,2325.311,78.839,129.694,5.952000000000001,4536861.0,13.706,134040.0,0.405,0.171,0.0,0.0,0.0,331002647.0,38.3,15.413,9.732000000000001,151.089,10.79,78.86
North America,United States,4/20/2020,2415.425,90.11399999999999,136.437,6.742999999999999,4693946.0,14.181,157085.0,0.475,0.16899999999999998,0.0,0.0,0.0,331002647.0,38.3,15.413,9.732000000000001,151.089,10.79,78.86
North America,United States,4/21/2020,2493.723,78.298,144.03799999999998,7.601,4920601.0,14.866,226655.0,0.685,0.16,0.0,0.0,0.0,331002647.0,38.3,15.413,9.732000000000001,151.089,10.79,78.86
North America,United States,4/22/2020,2580.91,87.18700000000001,151.446,7.4079999999999995,5152622.0,15.567,232021.0,0.701,0.152,0.0,0.0,0.0,331002647.0,38.3,15.413,9.732000000000001,151.089,10.79,78.86
North America,United States,4/23/2020,2682.329,101.419,158.881,7.435,5381647.0,16.259,229025.0,0.6920000000000001,0.152,0.0,0.0,0.0,331002647.0,38.3,15.413,9.732000000000001,151.089,10.79,78.86
North America,United States,4/24/2020,2779.993,97.664,165.485,6.604,5644880.0,17.054000000000002,263233.0,0.795,0.145,0.0,0.0,0.0,331002647.0,38.3,15.413,9.732000000000001,151.089,10.79,78.86
North America,United States,4/25/2020,2871.823,91.83,170.65099999999998,5.166,5861164.0,17.707,216284.0,0.653,0.14300000000000002,0.0,0.0,0.0,331002647.0,38.3,15.413,9.732000000000001,151.089,10.79,78.86
North America,United States,4/26/2020,2951.886,80.063,174.878,4.227,6030618.0,18.219,169454.0,0.512,0.142,0.0,0.0,0.0,331002647.0,38.3,15.413,9.732000000000001,151.089,10.79,78.86
North America,United States,4/27/2020,3023.495,71.61,179.43099999999998,4.553,6256000.0,18.9,225382.0,0.6809999999999999,0.132,0.0,0.0,0.0,331002647.0,38.3,15.413,9.732000000000001,151.089,10.79,78.86
North America,United States,4/28/2020,3097.7459999999996,74.25,186.15900000000002,6.728,6523630.0,19.709,267630.0,0.809,0.127,0.0,0.0,0.0,331002647.0,38.3,15.413,9.732000000000001,151.089,10.79,78.86
North America,United States,4/29/2020,3177.618,79.872,193.452,7.292999999999999,6815616.0,20.590999999999998,291986.0,0.882,0.122,0.0,0.0,0.0,331002647.0,38.3,15.413,9.732000000000001,151.089,10.79,78.86
North America,United States,4/30/2020,3265.895,88.277,200.08900000000003,6.6370000000000005,7135204.0,21.555999999999997,319588.0,0.966,0.11199999999999999,0.0,0.0,0.0,331002647.0,38.3,15.413,9.732000000000001,151.089,10.79,78.86
North America,United States,5/1/2020,3371.4109999999996,105.516,205.84400000000002,5.755,7468566.0,22.563000000000002,333362.0,1.0070000000000001,0.10800000000000001,0.0,0.0,0.0,331002647.0,38.3,15.413,9.732000000000001,151.089,10.79,78.86
North America,United States,5/2/2020,3454.039,82.62799999999999,211.077,5.233,7734444.0,23.366999999999997,265878.0,0.8029999999999999,0.10300000000000001,0.0,0.0,0.0,331002647.0,38.3,15.413,9.732000000000001,151.089,10.79,78.86
North America,United States,5/3/2020,3527.4429999999998,73.404,214.669,3.592,7941141.0,23.991,206697.0,0.624,0.10099999999999999,0.0,0.0,0.0,331002647.0,38.3,15.413,9.732000000000001,151.089,10.79,78.86
North America,United States,5/4/2020,3600.2070000000003,72.764,218.835,4.166,8188736.0,24.739,247595.0,0.748,0.098,0.0,0.0,0.0,331002647.0,38.3,15.413,9.732000000000001,151.089,10.79,78.86
North America,United States,5/5/2020,3674.3179999999998,74.111,225.62099999999998,6.785,8506572.0,25.699,317836.0,0.96,0.095,0.0,0.0,0.0,331002647.0,38.3,15.413,9.732000000000001,151.089,10.79,78.86
North America,United States,5/6/2020,3748.514,74.196,232.602,6.982,8862347.0,26.774,355775.0,1.075,0.091,0.0,0.0,0.0,331002647.0,38.3,15.413,9.732000000000001,151.089,10.79,78.86
North America,United States,5/7/2020,3831.329,82.815,238.421,5.819,9223599.0,27.866,361252.0,1.091,0.08900000000000001,0.0,0.0,0.0,331002647.0,38.3,15.413,9.732000000000001,151.089,10.79,78.86
North America,United States,5/8/2020,3912.413,81.084,243.74099999999999,5.32,9620397.0,29.064,396798.0,1.199,0.084,0.0,0.0,0.0,331002647.0,38.3,15.413,9.732000000000001,151.089,10.79,78.86
North America,United States,5/9/2020,3988.3520000000003,75.939,248.173,4.4319999999999995,9946592.0,30.05,326195.0,0.985,0.08,0.0,0.0,0.0,331002647.0,38.3,15.413,9.732000000000001,151.089,10.79,78.86
North America,United States,5/10/2020,4045.3509999999997,57.0,251.122,2.949,10189851.0,30.785,243259.0,0.735,0.077,0.0,0.0,0.0,331002647.0,38.3,15.413,9.732000000000001,151.089,10.79,78.86
North America,United States,5/11/2020,4103.571,58.22,254.273,3.1510000000000002,10505399.0,31.738000000000003,315548.0,0.953,0.07400000000000001,0.0,0.0,0.0,331002647.0,38.3,15.413,9.732000000000001,151.089,10.79,78.86
North America,United States,5/12/2020,4172.9,69.329,259.107,4.834,10919366.0,32.989000000000004,413967.0,1.251,0.07,0.0,0.0,0.0,331002647.0,38.3,15.413,9.732000000000001,151.089,10.79,78.86
North America,United States,5/13/2020,4234.555,61.655,264.357,5.251,11369575.0,34.349000000000004,450209.0,1.36,0.067,0.0,0.0,0.0,331002647.0,38.3,15.413,9.732000000000001,151.089,10.79,78.86
North America,United States,5/14/2020,4315.576,81.021,269.756,5.399,11822762.0,35.718,453187.0,1.369,0.063,0.0,0.0,0.0,331002647.0,38.3,15.413,9.732000000000001,151.089,10.79,78.86
North America,United States,5/15/2020,4390.34,74.764,274.801,5.045,12275943.0,37.086999999999996,453181.0,1.369,0.061,0.0,0.0,0.0,331002647.0,38.3,15.413,9.732000000000001,151.089,10.79,78.86
North America,United States,5/16/2020,4463.327,72.987,278.42400000000004,3.622,12636577.0,38.177,360634.0,1.09,0.062,0.0,0.0,0.0,331002647.0,38.3,15.413,9.732000000000001,151.089,10.79,78.86
North America,United States,5/17/2020,4518.804,55.477,280.895,2.471,12939554.0,39.092,302977.0,0.915,0.055999999999999994,0.0,0.0,0.0,331002647.0,38.3,15.413,9.732000000000001,151.089,10.79,78.86
North America,United States,5/18/2020,4586.447,67.643,284.60200000000003,3.707,13288787.0,40.147,349233.0,1.055,0.057999999999999996,0.0,0.0,0.0,331002647.0,38.3,15.413,9.732000000000001,151.089,10.79,78.86
North America,United States,5/19/2020,4649.911,63.465,289.004,4.402,13716776.0,41.44,427989.0,1.2930000000000001,0.059000000000000004,0.0,0.0,0.0,331002647.0,38.3,15.413,9.732000000000001,151.089,10.79,78.86
North America,United States,5/20/2020,4718.482,68.57,293.535,4.532,14174506.0,42.823,457730.0,1.383,0.059000000000000004,0.0,0.0,0.0,331002647.0,38.3,15.413,9.732000000000001,151.089,10.79,78.86
North America,United States,5/21/2020,4796.3240000000005,77.842,297.125,3.589,14633292.0,44.208999999999996,458786.0,1.386,0.057,0.0,0.0,0.0,331002647.0,38.3,15.413,9.732000000000001,151.089,10.79,78.86
North America,United States,5/22/2020,4867.792,71.468,300.81,3.6860000000000004,15121954.0,45.685,488662.0,1.476,0.057,0.0,0.0,0.0,331002647.0,38.3,15.413,9.732000000000001,151.089,10.79,78.86
North America,United States,5/23/2020,4931.5740000000005,63.782,304.091,3.281,15509078.0,46.855,387124.0,1.17,0.054000000000000006,0.0,0.0,0.0,331002647.0,38.3,15.413,9.732000000000001,151.089,10.79,78.86
North America,United States,5/24/2020,4992.1990000000005,60.625,306.01599999999996,1.9240000000000002,15851708.0,47.89,342630.0,1.035,0.054000000000000006,0.0,0.0,0.0,331002647.0,38.3,15.413,9.732000000000001,151.089,10.79,78.86
North America,United States,5/25/2020,5048.612,56.413000000000004,307.80400000000003,1.7890000000000001,16189880.0,48.912,338172.0,1.022,0.054000000000000006,0.0,0.0,0.0,331002647.0,38.3,15.413,9.732000000000001,151.089,10.79,78.86
North America,United States,5/26/2020,5107.977,59.365,309.849,2.045,16648069.0,50.29600000000001,458189.0,1.3840000000000001,0.051,0.0,0.0,0.0,331002647.0,38.3,15.413,9.732000000000001,151.089,10.79,78.86
North America,United States,5/27/2020,5164.016,56.038999999999994,314.26599999999996,4.417,17212675.0,52.001999999999995,564606.0,1.706,0.049,0.0,0.0,0.0,331002647.0,38.3,15.413,9.732000000000001,151.089,10.79,78.86
North America,United States,5/28/2020,5231.454000000001,67.438,317.611,3.344,17751126.0,53.628,538451.0,1.6269999999999998,0.048,0.0,0.0,0.0,331002647.0,38.3,15.413,9.732000000000001,151.089,10.79,78.86
North America,United States,5/29/2020,5305.39,73.936,321.034,3.423,18292206.0,55.263000000000005,541080.0,1.635,0.045,0.0,0.0,0.0,331002647.0,38.3,15.413,9.732000000000001,151.089,10.79,78.86
North America,United States,5/30/2020,5376.7880000000005,71.398,323.916,2.8819999999999997,18749995.0,56.646,457789.0,1.383,0.043,0.0,0.0,0.0,331002647.0,38.3,15.413,9.732000000000001,151.089,10.79,78.86
North America,United States,5/31/2020,5434.15,57.361999999999995,325.768,1.8519999999999999,19123318.0,57.773999999999994,373323.0,1.128,0.046,0.0,0.0,0.0,331002647.0,38.3,15.413,9.732000000000001,151.089,10.79,78.86
North America,United States,6/1/2020,5486.823,52.673,328.11199999999997,2.344,19561201.0,59.097,437883.0,1.3230000000000002,0.042,0.0,0.0,0.0,331002647.0,38.3,15.413,9.732000000000001,151.089,10.79,78.86
North America,United States,6/2/2020,5551.786,64.96300000000001,331.07599999999996,2.964,20086138.0,60.683,524937.0,1.5859999999999999,0.043,0.0,0.0,0.0,331002647.0,38.3,15.413,9.732000000000001,151.089,10.79,78.86
North America,United States,6/3/2020,5611.741,59.95399999999999,334.13,3.054,20679774.0,62.476000000000006,593636.0,1.7930000000000001,0.042,0.0,0.0,0.0,331002647.0,38.3,15.413,9.732000000000001,151.089,10.79,78.86
North America,United States,6/4/2020,5677.145,65.404,337.185,3.054,21305498.0,64.367,625724.0,1.89,0.04,0.0,0.0,0.0,331002647.0,38.3,15.413,9.732000000000001,151.089,10.79,78.86
North America,United States,6/5/2020,5753.880999999999,76.737,339.885,2.701,21882651.0,66.11,577153.0,1.744,0.043,0.0,0.0,0.0,331002647.0,38.3,15.413,9.732000000000001,151.089,10.79,78.86
North America,United States,6/6/2020,5817.808000000001,63.927,341.82800000000003,1.943,22350507.0,67.524,467856.0,1.413,0.044000000000000004,0.0,0.0,0.0,331002647.0,38.3,15.413,9.732000000000001,151.089,10.79,78.86
North America,United States,6/7/2020,5871.935,54.126000000000005,343.20599999999996,1.3780000000000001,22757385.0,68.753,406878.0,1.229,0.042,0.0,0.0,0.0,331002647.0,38.3,15.413,9.732000000000001,151.089,10.79,78.86
North America,United States,6/8/2020,5925.218000000001,53.284,344.73699999999997,1.5319999999999998,23208108.0,70.115,450723.0,1.3619999999999999,0.042,0.0,0.0,0.0,331002647.0,38.3,15.413,9.732000000000001,151.089,10.79,78.86
North America,United States,6/9/2020,5980.759,55.54,347.496,2.758,23769535.0,71.811,561427.0,1.696,0.04,0.0,0.0,0.0,331002647.0,38.3,15.413,9.732000000000001,151.089,10.79,78.86
North America,United States,6/10/2020,6044.535,63.776,350.13300000000004,2.637,24398903.0,73.712,629368.0,1.901,0.040999999999999995,0.0,0.0,0.0,331002647.0,38.3,15.413,9.732000000000001,151.089,10.79,78.86
North America,United States,6/11/2020,6114.422,69.888,352.64099999999996,2.508,25010647.0,75.56,611744.0,1.848,0.042,0.0,0.0,0.0,331002647.0,38.3,15.413,9.732000000000001,151.089,10.79,78.86
North America,United States,6/12/2020,6189.545999999999,75.123,355.145,2.505,25627356.0,77.423,616709.0,1.8630000000000002,0.039,0.0,0.0,0.0,331002647.0,38.3,15.413,9.732000000000001,151.089,10.79,78.86
North America,United States,6/13/2020,6265.701999999999,76.156,357.36,2.214,26158535.0,79.028,531179.0,1.605,0.038,0.0,0.0,0.0,331002647.0,38.3,15.413,9.732000000000001,151.089,10.79,78.86
North America,United States,6/14/2020,6322.946,57.244,358.39300000000003,1.033,26572055.0,80.277,413520.0,1.249,0.039,0.0,0.0,0.0,331002647.0,38.3,15.413,9.732000000000001,151.089,10.79,78.86
North America,United States,6/15/2020,6382.821999999999,59.876000000000005,359.586,1.193,27078080.0,81.806,506025.0,1.5290000000000001,0.038,0.0,0.0,0.0,331002647.0,38.3,15.413,9.732000000000001,151.089,10.79,78.86
North America,United States,6/16/2020,6454.331999999999,71.51,362.045,2.459,27752354.0,83.84299999999999,674274.0,2.037,0.04,0.0,0.0,0.0,331002647.0,38.3,15.413,9.732000000000001,151.089,10.79,78.86
North America,United States,6/17/2020,6536.096,81.764,364.278,2.233,28460039.0,85.98100000000001,707685.0,2.138,0.04,0.0,0.0,0.0,331002647.0,38.3,15.413,9.732000000000001,151.089,10.79,78.86
North America,United States,6/18/2020,6622.273,86.178,366.36300000000006,2.085,29162413.0,88.103,702374.0,2.122,0.040999999999999995,0.0,0.0,0.0,331002647.0,38.3,15.413,9.732000000000001,151.089,10.79,78.86
North America,United States,6/19/2020,6717.629,95.35600000000001,368.26,1.8969999999999998,29867999.0,90.235,705586.0,2.1319999999999997,0.042,0.0,0.0,0.0,331002647.0,38.3,15.413,9.732000000000001,151.089,10.79,78.86
North America,United States,6/20/2020,6815.121,97.492,369.958,1.6980000000000002,30452824.0,92.00200000000001,584825.0,1.767,0.043,0.0,0.0,0.0,331002647.0,38.3,15.413,9.732000000000001,151.089,10.79,78.86
North America,United States,6/21/2020,6891.096,75.975,370.906,0.9490000000000001,30878017.0,93.286,425193.0,1.285,0.044000000000000004,0.0,0.0,0.0,331002647.0,38.3,15.413,9.732000000000001,151.089,10.79,78.86
North America,United States,6/22/2020,6988.225,97.12899999999999,372.139,1.2329999999999999,31421738.0,94.929,543721.0,1.643,0.046,0.0,0.0,0.0,331002647.0,38.3,15.413,9.732000000000001,151.089,10.79,78.86
North America,United States,6/23/2020,7100.2390000000005,112.014,374.399,2.26,32123998.0,97.051,702260.0,2.122,0.047,0.0,0.0,0.0,331002647.0,38.3,15.413,9.732000000000001,151.089,10.79,78.86
North America,United States,6/24/2020,7208.619000000001,108.38,376.659,2.26,32892028.0,99.37100000000001,768030.0,2.32,0.049,0.0,0.0,0.0,331002647.0,38.3,15.413,9.732000000000001,151.089,10.79,78.86
North America,United States,6/25/2020,7330.428000000001,121.809,378.26,1.601,33667321.0,101.713,775293.0,2.342,0.052000000000000005,0.0,0.0,0.0,331002647.0,38.3,15.413,9.732000000000001,151.089,10.79,78.86
North America,United States,6/26/2020,7469.378000000001,138.951,380.151,1.891,34475614.0,104.155,808293.0,2.4419999999999997,0.053,0.0,0.0,0.0,331002647.0,38.3,15.413,9.732000000000001,151.089,10.79,78.86
North America,United States,6/27/2020,7594.29,124.911,381.668,1.517,35170467.0,106.25399999999999,694853.0,2.099,0.054000000000000006,0.0,0.0,0.0,331002647.0,38.3,15.413,9.732000000000001,151.089,10.79,78.86
North America,United States,6/28/2020,7717.343000000001,123.053,382.631,0.9640000000000001,35736841.0,107.965,566374.0,1.7109999999999999,0.055999999999999994,0.0,0.0,0.0,331002647.0,38.3,15.413,9.732000000000001,151.089,10.79,78.86
North America,United States,6/29/2020,7842.061,124.71799999999999,383.788,1.157,36397508.0,109.961,660667.0,1.996,0.055999999999999994,0.0,0.0,0.0,331002647.0,38.3,15.413,9.732000000000001,151.089,10.79,78.86
North America,United States,6/30/2020,7982.335,140.274,385.471,1.683,37251505.0,112.541,853997.0,2.58,0.055999999999999994,0.0,0.0,0.0,331002647.0,38.3,15.413,9.732000000000001,151.089,10.79,78.86
North America,United States,7/1/2020,8138.887,156.55200000000002,387.601,2.13,38130207.0,115.196,878702.0,2.655,0.057999999999999996,0.0,0.0,0.0,331002647.0,38.3,15.413,9.732000000000001,151.089,10.79,78.86
North America,United States,7/2/2020,8309.966999999999,171.08,389.764,2.1630000000000003,38980205.0,117.764,849998.0,2.568,0.06,0.0,0.0,0.0,331002647.0,38.3,15.413,9.732000000000001,151.089,10.79,78.86
North America,United States,7/3/2020,8465.132,155.165,391.779,2.015,39769493.0,120.149,789288.0,2.385,0.063,0.0,0.0,0.0,331002647.0,38.3,15.413,9.732000000000001,151.089,10.79,78.86
North America,United States,7/4/2020,8603.143,138.011,392.704,0.924,40378375.0,121.988,608882.0,1.84,0.065,0.0,0.0,0.0,331002647.0,38.3,15.413,9.732000000000001,151.089,10.79,78.86
North America,United States,7/5/2020,8756.521999999999,153.379,393.686,0.982,40895952.0,123.552,517577.0,1.564,0.066,0.0,0.0,0.0,331002647.0,38.3,15.413,9.732000000000001,151.089,10.79,78.86
North America,United States,7/6/2020,8886.684000000001,130.162,394.82199999999995,1.136,41610567.0,125.711,714615.0,2.1590000000000003,0.068,0.0,0.0,0.0,331002647.0,38.3,15.413,9.732000000000001,151.089,10.79,78.86
North America,United States,7/7/2020,9069.927,183.243,398.335,3.514,42497045.0,128.389,886478.0,2.678,0.068,0.0,0.0,0.0,331002647.0,38.3,15.413,9.732000000000001,151.089,10.79,78.86
North America,United States,7/8/2020,9251.556999999999,181.63,400.876,2.541,43466256.0,131.317,969211.0,2.928,0.069,0.0,0.0,0.0,331002647.0,38.3,15.413,9.732000000000001,151.089,10.79,78.86
North America,United States,7/9/2020,9440.366,188.808,403.93300000000005,3.057,44459481.0,134.31799999999998,993225.0,3.0010000000000003,0.068,0.0,0.0,0.0,331002647.0,38.3,15.413,9.732000000000001,151.089,10.79,78.86
North America,United States,7/10/2020,9645.968,205.60299999999998,406.36800000000005,2.435,45457289.0,137.332,997808.0,3.015,0.068,0.0,0.0,0.0,331002647.0,38.3,15.413,9.732000000000001,151.089,10.79,78.86
North America,United States,7/11/2020,9827.29,181.322,408.565,2.1959999999999997,46286544.0,139.83700000000002,829255.0,2.505,0.067,0.0,0.0,0.0,331002647.0,38.3,15.413,9.732000000000001,151.089,10.79,78.86
North America,United States,7/12/2020,10003.884,176.59400000000002,409.991,1.426,46968991.0,141.899,682447.0,2.062,0.068,0.0,0.0,0.0,331002647.0,38.3,15.413,9.732000000000001,151.089,10.79,78.86
North America,United States,7/13/2020,10181.81,177.926,411.332,1.341,47822354.0,144.477,853363.0,2.5780000000000003,0.068,0.0,0.0,0.0,331002647.0,38.3,15.413,9.732000000000001,151.089,10.79,78.86
North America,United States,7/14/2020,10387.351999999999,205.542,414.139,2.807,48814686.0,147.475,992332.0,2.998,0.069,0.0,0.0,0.0,331002647.0,38.3,15.413,9.732000000000001,151.089,10.79,78.86
North America,United States,7/15/2020,10593.153999999999,205.80200000000002,417.07800000000003,2.94,49842545.0,150.58100000000002,1027859.0,3.105,0.069,0.0,0.0,0.0,331002647.0,38.3,15.413,9.732000000000001,151.089,10.79,78.86
North America,United States,7/16/2020,10822.213,229.05900000000003,419.963,2.885,50853768.0,153.636,1011223.0,3.055,0.07,0.0,0.0,0.0,331002647.0,38.3,15.413,9.732000000000001,151.089,10.79,78.86
North America,United States,7/17/2020,11040.525,218.312,422.755,2.792,51889254.0,156.764,1035486.0,3.128,0.071,0.0,0.0,0.0,331002647.0,38.3,15.413,9.732000000000001,151.089,10.79,78.86
North America,United States,7/18/2020,11229.457,188.93200000000002,425.38,2.625,52786124.0,159.47299999999998,896870.0,2.71,0.071,0.0,0.0,0.0,331002647.0,38.3,15.413,9.732000000000001,151.089,10.79,78.86
North America,United States,7/19/2020,11412.156,182.699,426.785,1.405,53493044.0,161.609,706920.0,2.136,0.07200000000000001,0.0,0.0,0.0,331002647.0,38.3,15.413,9.732000000000001,151.089,10.79,78.86
North America,United States,7/20/2020,11599.741000000002,187.585,428.486,1.7009999999999998,54384339.0,164.30200000000002,891295.0,2.693,0.071,0.0,0.0,0.0,331002647.0,38.3,15.413,9.732000000000001,151.089,10.79,78.86
North America,United States,7/21/2020,11794.636999999999,194.896,431.791,3.305,55399324.0,167.368,1014985.0,3.0660000000000003,0.071,0.0,0.0,0.0,331002647.0,38.3,15.413,9.732000000000001,151.089,10.79,78.86
North America,United States,7/22/2020,12007.841,213.204,435.486,3.695,56493566.0,170.674,1094242.0,3.306,0.071,0.0,0.0,0.0,331002647.0,38.3,15.413,9.732000000000001,151.089,10.79,78.86
North America,United States,7/23/2020,12214.612,206.77200000000002,438.767,3.281,57561506.0,173.9,1067940.0,3.2260000000000004,0.07,0.0,0.0,0.0,331002647.0,38.3,15.413,9.732000000000001,151.089,10.79,78.86
North America,United States,7/24/2020,12436.127,221.515,442.09,3.323,58617058.0,177.08900000000003,1055552.0,3.1889999999999996,0.07,0.0,0.0,0.0,331002647.0,38.3,15.413,9.732000000000001,151.089,10.79,78.86
North America,United States,7/25/2020,12632.246000000001,196.11900000000003,444.848,2.758,59479951.0,179.696,862893.0,2.6069999999999998,0.07,0.0,0.0,0.0,331002647.0,38.3,15.413,9.732000000000001,151.089,10.79,78.86
North America,United States,7/26/2020,12798.006000000001,165.76,446.462,1.6130000000000002,60142346.0,181.697,662395.0,2.001,0.07,0.0,0.0,0.0,331002647.0,38.3,15.413,9.732000000000001,151.089,10.79,78.86
North America,United States,7/27/2020,12969.476,171.47,449.845,3.384,60924006.0,184.05900000000003,781660.0,2.3609999999999998,0.071,0.0,0.0,0.0,331002647.0,38.3,15.413,9.732000000000001,151.089,10.79,78.86
North America,United States,7/28/2020,13170.257,200.78099999999998,453.897,4.051,61869481.0,186.915,945475.0,2.8560000000000003,0.071,0.0,0.0,0.0,331002647.0,38.3,15.413,9.732000000000001,151.089,10.79,78.86
North America,United States,7/29/2020,13387.337,217.08,458.208,4.311,62889174.0,189.99599999999998,1019693.0,3.0810000000000004,0.071,0.0,0.0,0.0,331002647.0,38.3,15.413,9.732000000000001,151.089,10.79,78.86
North America,United States,7/30/2020,13591.127,203.79,461.912,3.7039999999999997,63920651.0,193.112,1031477.0,3.116,0.071,0.0,0.0,0.0,331002647.0,38.3,15.413,9.732000000000001,151.089,10.79,78.86
North America,United States,7/31/2020,13798.742,207.615,465.588,3.677,64897136.0,196.062,976485.0,2.95,0.071,0.0,0.0,0.0,331002647.0,38.3,15.413,9.732000000000001,151.089,10.79,78.86
North America,United States,8/1/2020,13968.473999999998,169.733,468.894,3.305,65676857.0,198.418,779721.0,2.356,0.071,0.0,0.0,0.0,331002647.0,38.3,15.413,9.732000000000001,151.089,10.79,78.86
North America,United States,8/2/2020,14106.081,137.606,470.19300000000004,1.2990000000000002,66284752.0,200.25400000000002,607895.0,1.837,0.069,0.0,0.0,0.0,331002647.0,38.3,15.413,9.732000000000001,151.089,10.79,78.86
North America,United States,8/3/2020,14243.628999999999,137.549,471.94199999999995,1.749,67034857.0,202.521,750105.0,2.266,0.069,0.0,0.0,0.0,331002647.0,38.3,15.413,9.732000000000001,151.089,10.79,78.86
North America,United States,8/4/2020,14421.274,177.645,475.99,4.048,67895281.0,205.12,860424.0,2.5989999999999998,0.068,0.0,0.0,0.0,331002647.0,38.3,15.413,9.732000000000001,151.089,10.79,78.86
North America,United States,8/5/2020,14585.793,164.518,480.211,4.221,68836437.0,207.963,941156.0,2.843,0.067,0.0,0.0,0.0,331002647.0,38.3,15.413,9.732000000000001,151.089,10.79,78.86
North America,United States,8/6/2020,14765.121000000001,179.328,483.95099999999996,3.74,69803683.0,210.886,967246.0,2.9219999999999997,0.066,0.0,0.0,0.0,331002647.0,38.3,15.413,9.732000000000001,151.089,10.79,78.86
North America,United States,8/7/2020,14944.258,179.138,487.673,3.722,70797353.0,213.888,993670.0,3.002,0.064,0.0,0.0,0.0,331002647.0,38.3,15.413,9.732000000000001,151.089,10.79,78.86
North America,United States,8/8/2020,15107.764,163.506,490.921,3.248,71591227.0,216.28599999999997,793874.0,2.398,0.063,0.0,0.0,0.0,331002647.0,38.3,15.413,9.732000000000001,151.089,10.79,78.86
North America,United States,8/9/2020,15245.983999999999,138.219,492.61199999999997,1.692,72209868.0,218.155,618641.0,1.869,0.064,0.0,0.0,0.0,331002647.0,38.3,15.413,9.732000000000001,151.089,10.79,78.86
North America,United States,8/10/2020,15389.871000000001,143.887,494.389,1.776,72972867.0,220.46,762999.0,2.305,0.062,0.0,0.0,0.0,331002647.0,38.3,15.413,9.732000000000001,151.089,10.79,78.86
North America,United States,8/11/2020,15534.87,144.999,497.47,3.082,73856145.0,223.12900000000002,883278.0,2.668,0.063,0.0,0.0,0.0,331002647.0,38.3,15.413,9.732000000000001,151.089,10.79,78.86
North America,United States,8/12/2020,15704.219,169.34900000000002,502.01099999999997,4.541,74855176.0,226.14700000000002,999031.0,3.0180000000000002,0.062,0.0,0.0,0.0,331002647.0,38.3,15.413,9.732000000000001,151.089,10.79,78.86
North America,United States,8/13/2020,15859.245,155.026,505.22,3.208,75814626.0,229.045,959450.0,2.8989999999999996,0.062,0.0,0.0,0.0,331002647.0,38.3,15.413,9.732000000000001,151.089,10.79,78.86
North America,United States,8/14/2020,16056.645,197.4,509.26800000000003,4.048,76762704.0,231.91,948078.0,2.864,0.062,0.0,0.0,0.0,331002647.0,38.3,15.413,9.732000000000001,151.089,10.79,78.86
North America,United States,8/15/2020,16198.39,141.745,512.3009999999999,3.033,77517356.0,234.19,754652.0,2.28,0.062,0.0,0.0,0.0,331002647.0,38.3,15.413,9.732000000000001,151.089,10.79,78.86
North America,United States,8/16/2020,16316.803,118.413,514.141,1.84,78071577.0,235.864,554221.0,1.6740000000000002,0.062,0.0,0.0,0.0,331002647.0,38.3,15.413,9.732000000000001,151.089,10.79,78.86
North America,United States,8/17/2020,16427.603,110.8,515.624,1.483,78731310.0,237.857,659733.0,1.993,0.062,0.0,0.0,0.0,331002647.0,38.3,15.413,9.732000000000001,151.089,10.79,78.86
North America,United States,8/18/2020,16563.656000000003,136.053,519.47,3.846,79613716.0,240.523,882406.0,2.6660000000000004,0.06,0.0,0.0,0.0,331002647.0,38.3,15.413,9.732000000000001,151.089,10.79,78.86
North America,United States,8/19/2020,16706.733,143.077,523.398,3.927,80592898.0,243.481,979182.0,2.958,0.057999999999999996,0.0,0.0,0.0,331002647.0,38.3,15.413,9.732000000000001,151.089,10.79,78.86
North America,United States,8/20/2020,16839.189,132.455,526.7,3.302,81569068.0,246.43,976170.0,2.949,0.057,0.0,0.0,0.0,331002647.0,38.3,15.413,9.732000000000001,151.089,10.79,78.86
North America,United States,8/21/2020,16986.459,147.27100000000002,529.972,3.272,82511098.0,249.27599999999998,942030.0,2.846,0.055,0.0,0.0,0.0,331002647.0,38.3,15.413,9.732000000000001,151.089,10.79,78.86
North America,United States,8/22/2020,17116.57,130.111,532.9169999999999,2.946,83289612.0,251.628,778514.0,2.352,0.053,0.0,0.0,0.0,331002647.0,38.3,15.413,9.732000000000001,151.089,10.79,78.86
North America,United States,8/23/2020,17220.086,103.516,534.4159999999999,1.4980000000000002,83839467.0,253.28900000000002,549855.0,1.661,0.053,0.0,0.0,0.0,331002647.0,38.3,15.413,9.732000000000001,151.089,10.79,78.86
North America,United States,8/24/2020,17330.822,110.736,535.8480000000001,1.432,84490876.0,255.257,651409.0,1.9680000000000002,0.052000000000000005,0.0,0.0,0.0,331002647.0,38.3,15.413,9.732000000000001,151.089,10.79,78.86
North America,United States,8/25/2020,17452.175,121.353,539.555,3.707,85373690.0,257.92400000000004,882814.0,2.667,0.051,0.0,0.0,0.0,331002647.0,38.3,15.413,9.732000000000001,151.089,10.79,78.86
North America,United States,8/26/2020,17589.21,137.035,543.132,3.577,86368080.0,260.92900000000003,994390.0,3.0039999999999996,0.051,0.0,0.0,0.0,331002647.0,38.3,15.413,9.732000000000001,151.089,10.79,78.86
North America,United States,8/27/2020,17725.855,136.645,546.452,3.32,87363117.0,263.935,995037.0,3.0060000000000002,0.051,0.0,0.0,0.0,331002647.0,38.3,15.413,9.732000000000001,151.089,10.79,78.86
North America,United States,8/28/2020,17867.797,141.941,549.346,2.8939999999999997,88325579.0,266.843,962462.0,2.908,0.051,0.0,0.0,0.0,331002647.0,38.3,15.413,9.732000000000001,151.089,10.79,78.86
North America,United States,8/29/2020,17996.784,128.987,552.071,2.725,89107672.0,269.205,782093.0,2.363,0.05,0.0,0.0,0.0,331002647.0,38.3,15.413,9.732000000000001,151.089,10.79,78.86
North America,United States,8/30/2020,18100.71,103.927,553.476,1.405,89716303.0,271.04400000000004,608631.0,1.839,0.05,0.0,0.0,0.0,331002647.0,38.3,15.413,9.732000000000001,151.089,10.79,78.86
North America,United States,8/31/2020,18207.999,107.289,555.113,1.6369999999999998,90367177.0,273.01,650874.0,1.966,0.05,0.0,0.0,0.0,331002647.0,38.3,15.413,9.732000000000001,151.089,10.79,78.86
North America,United States,9/1/2020,18334.068,126.068,558.2669999999999,3.154,91251557.0,275.682,884380.0,2.6719999999999997,0.051,0.0,0.0,0.0,331002647.0,38.3,15.413,9.732000000000001,151.089,10.79,78.86
North America,United States,9/2/2020,18457.949,123.881,561.4730000000001,3.205,92248165.0,278.693,996608.0,3.011,0.05,0.0,0.0,0.0,331002647.0,38.3,15.413,9.732000000000001,151.089,10.79,78.86
North America,United States,9/3/2020,18591.459,133.51,564.591,3.1180000000000003,93258449.0,281.745,1010284.0,3.052,0.049,0.0,0.0,0.0,331002647.0,38.3,15.413,9.732000000000001,151.089,10.79,78.86
North America,United States,9/4/2020,18743.904,152.446,567.461,2.87,94298210.0,284.887,1039761.0,3.141,0.049,0.0,0.0,0.0,331002647.0,38.3,15.413,9.732000000000001,151.089,10.79,78.86
North America,United States,9/5/2020,18873.816000000003,129.911,569.823,2.363,95093641.0,287.29,795431.0,2.403,0.049,0.0,0.0,0.0,331002647.0,38.3,15.413,9.732000000000001,151.089,10.79,78.86
North America,United States,9/6/2020,18968.41,94.594,571.165,1.341,95652417.0,288.978,558776.0,1.6880000000000002,0.049,0.0,0.0,0.0,331002647.0,38.3,15.413,9.732000000000001,151.089,10.79,78.86
North America,United States,9/7/2020,19039.431,71.021,572.062,0.897,96057842.0,290.203,405425.0,1.225,0.05,0.0,0.0,0.0,331002647.0,38.3,15.413,9.732000000000001,151.089,10.79,78.86
North America,United States,9/8/2020,19122.418,82.98700000000001,573.437,1.375,96703000.0,292.152,645158.0,1.949,0.049,0.0,0.0,0.0,331002647.0,38.3,15.413,9.732000000000001,151.089,10.79,78.86
North America,United States,9/9/2020,19224.867,102.449,576.911,3.4739999999999998,97629326.0,294.95,926326.0,2.799,0.048,0.0,0.0,0.0,331002647.0,38.3,15.413,9.732000000000001,151.089,10.79,78.86
North America,United States,9/10/2020,19334.151,109.28299999999999,579.633,2.722,98690999.0,298.158,1061673.0,3.207,0.046,0.0,0.0,0.0,331002647.0,38.3,15.413,9.732000000000001,151.089,10.79,78.86
North America,United States,9/11/2020,19478.331000000002,144.18,583.174,3.5410000000000004,99765066.0,301.403,1074067.0,3.245,0.045,0.0,0.0,0.0,331002647.0,38.3,15.413,9.732000000000001,151.089,10.79,78.86
North America,United States,9/12/2020,19602.577,124.24700000000001,585.3580000000001,2.184,100613957.0,303.967,848891.0,2.565,0.044000000000000004,0.0,0.0,0.0,331002647.0,38.3,15.413,9.732000000000001,151.089,10.79,78.86
North America,United States,9/13/2020,19706.193,103.615,586.645,1.287,101232193.0,305.835,618236.0,1.868,0.043,0.0,0.0,0.0,331002647.0,38.3,15.413,9.732000000000001,151.089,10.79,78.86
North America,United States,9/14/2020,19810.198,104.005,587.9680000000001,1.3230000000000002,101927532.0,307.936,695339.0,2.101,0.043,0.0,0.0,0.0,331002647.0,38.3,15.413,9.732000000000001,151.089,10.79,78.86
North America,United States,9/15/2020,19929.702,119.50399999999999,591.599,3.6310000000000002,102895736.0,310.861,968204.0,2.925,0.042,0.0,0.0,0.0,331002647.0,38.3,15.413,9.732000000000001,151.089,10.79,78.86
North America,United States,9/16/2020,20047.296000000002,117.594,594.451,2.852,104012721.0,314.235,1116985.0,3.375,0.042,0.0,0.0,0.0,331002647.0,38.3,15.413,9.732000000000001,151.089,10.79,78.86
North America,United States,9/17/2020,20183.926,136.63,597.068,2.616,105140115.0,317.64099999999996,1127394.0,3.406,0.043,0.0,0.0,0.0,331002647.0,38.3,15.413,9.732000000000001,151.089,10.79,78.86
North America,United States,9/18/2020,20332.695,148.769,599.811,2.7430000000000003,106338120.0,321.26099999999997,1198005.0,3.6189999999999998,0.043,0.0,0.0,0.0,331002647.0,38.3,15.413,9.732000000000001,151.089,10.79,78.86
North America,United States,9/19/2020,20460.048,127.352,601.992,2.181,107251878.0,324.02099999999996,913758.0,2.761,0.042,0.0,0.0,0.0,331002647.0,38.3,15.413,9.732000000000001,151.089,10.79,78.86
North America,United States,9/20/2020,20576.071,116.023,602.802,0.81,107862395.0,325.866,610517.0,1.844,0.043,0.0,0.0,0.0,331002647.0,38.3,15.413,9.732000000000001,151.089,10.79,78.86
North America,United States,9/21/2020,20733.287,157.216,604.095,1.2930000000000001,108594367.0,328.077,731972.0,2.211,0.044000000000000004,0.0,0.0,0.0,331002647.0,38.3,15.413,9.732000000000001,151.089,10.79,78.86
North America,United States,9/22/2020,20853.679,120.39200000000001,607.2040000000001,3.109,109592814.0,331.093,998447.0,3.016,0.045,0.0,0.0,0.0,331002647.0,38.3,15.413,9.732000000000001,151.089,10.79,78.86
North America,United States,9/23/2020,20971.721,118.041,610.391,3.187,110761551.0,334.624,1168737.0,3.531,0.045,0.0,0.0,0.0,331002647.0,38.3,15.413,9.732000000000001,151.089,10.79,78.86
North America,United States,9/24/2020,21114.025,142.304,613.131,2.74,111930232.0,338.155,1168681.0,3.531,0.044000000000000004,0.0,0.0,0.0,331002647.0,38.3,15.413,9.732000000000001,151.089,10.79,78.86
North America,United States,9/25/2020,21259.869,145.845,615.935,2.804,113032339.0,341.485,1102107.0,3.33,0.045,0.0,0.0,0.0,331002647.0,38.3,15.413,9.732000000000001,151.089,10.79,78.86
North America,United States,9/26/2020,21394.759,134.89,618.279,2.344,113944307.0,344.24,911968.0,2.755,0.046,0.0,0.0,0.0,331002647.0,38.3,15.413,9.732000000000001,151.089,10.79,78.86
North America,United States,9/27/2020,21508.183999999997,113.425,619.234,0.955,114528839.0,346.006,584532.0,1.766,0.046,0.0,0.0,0.0,331002647.0,38.3,15.413,9.732000000000001,151.089,10.79,78.86
North America,United States,9/28/2020,21608.652000000002,100.46700000000001,620.315,1.082,115180973.0,347.976,652134.0,1.97,0.045,0.0,0.0,0.0,331002647.0,38.3,15.413,9.732000000000001,151.089,10.79,78.86
North America,United States,9/29/2020,21739.828999999998,131.17700000000002,622.913,2.5980000000000003,116149901.0,350.903,968928.0,2.927,0.044000000000000004,0.0,0.0,0.0,331002647.0,38.3,15.413,9.732000000000001,151.089,10.79,78.86
North America,United States,9/30/2020,21858.955,119.126,625.741,2.8280000000000003,117336252.0,354.48699999999997,1186351.0,3.5839999999999996,0.045,0.0,0.0,0.0,331002647.0,38.3,15.413,9.732000000000001,151.089,10.79,78.86
North America,United States,10/1/2020,21996.881,137.92600000000002,628.3580000000001,2.616,118526231.0,358.082,1189979.0,3.595,0.045,0.0,0.0,0.0,331002647.0,38.3,15.413,9.732000000000001,151.089,10.79,78.86
North America,United States,10/2/2020,22162.613999999998,165.733,630.941,2.583,119689262.0,361.596,1163031.0,3.514,0.046,0.0,0.0,0.0,331002647.0,38.3,15.413,9.732000000000001,151.089,10.79,78.86
North America,United States,10/3/2020,22309.426,146.812,632.998,2.057,120644746.0,364.483,955484.0,2.887,0.045,0.0,0.0,0.0,331002647.0,38.3,15.413,9.732000000000001,151.089,10.79,78.86
North America,United States,10/4/2020,22417.482000000004,108.057,634.155,1.157,121279063.0,366.399,634317.0,1.916,0.045,0.0,0.0,0.0,331002647.0,38.3,15.413,9.732000000000001,151.089,10.79,78.86
North America,United States,10/5/2020,22536.714,119.23200000000001,635.6080000000001,1.453,122073012.0,368.798,793949.0,2.399,0.045,0.0,0.0,0.0,331002647.0,38.3,15.413,9.732000000000001,151.089,10.79,78.86
North America,United States,10/6/2020,22673.269,136.555,637.69,2.082,123277863.0,372.43800000000005,1204851.0,3.64,0.043,0.0,0.0,0.0,331002647.0,38.3,15.413,9.732000000000001,151.089,10.79,78.86
North America,United States,10/7/2020,22827.591,154.322,640.469,2.779,124653697.0,376.594,1375834.0,4.157,0.043,0.0,0.0,0.0,331002647.0,38.3,15.413,9.732000000000001,151.089,10.79,78.86
North America,United States,10/8/2020,23004.607999999997,177.017,643.469,3.0,126045566.0,380.79900000000004,1391869.0,4.205,0.043,0.0,0.0,0.0,331002647.0,38.3,15.413,9.732000000000001,151.089,10.79,78.86
North America,United States,10/9/2020,23174.872000000003,170.264,646.391,2.9210000000000003,127405977.0,384.909,1360411.0,4.11,0.043,0.0,0.0,0.0,331002647.0,38.3,15.413,9.732000000000001,151.089,10.79,78.86
North America,United States,10/10/2020,23340.91,166.03799999999998,648.366,1.976,128481931.0,388.16,1075954.0,3.2510000000000003,0.043,0.0,0.0,0.0,331002647.0,38.3,15.413,9.732000000000001,151.089,10.79,78.86
North America,United States,10/11/2020,23479.586,138.67600000000002,649.78,1.4140000000000001,129217618.0,390.38199999999995,735687.0,2.2230000000000003,0.044000000000000004,0.0,0.0,0.0,331002647.0,38.3,15.413,9.732000000000001,151.089,10.79,78.86
North America,United States,10/12/2020,23606.089,126.50399999999999,650.974,1.193,130008674.0,392.772,791056.0,2.39,0.045,0.0,0.0,0.0,331002647.0,38.3,15.413,9.732000000000001,151.089,10.79,78.86
North America,United States,10/13/2020,23763.897999999997,157.808,653.372,2.399,131044930.0,395.903,1036256.0,3.1310000000000002,0.047,0.0,0.0,0.0,331002647.0,38.3,15.413,9.732000000000001,151.089,10.79,78.86
North America,United States,10/14/2020,23944.491,180.59400000000002,656.342,2.97,132245347.0,399.53,1200417.0,3.627,0.049,0.0,0.0,0.0,331002647.0,38.3,15.413,9.732000000000001,151.089,10.79,78.86
North America,United States,10/15/2020,24140.441000000003,195.95,658.937,2.595,133501595.0,403.325,1256248.0,3.795,0.051,0.0,0.0,0.0,331002647.0,38.3,15.413,9.732000000000001,151.089,10.79,78.86
North America,United States,10/16/2020,24349.41,208.968,661.753,2.8160000000000003,134794028.0,407.22900000000004,1292433.0,3.905,0.053,0.0,0.0,0.0,331002647.0,38.3,15.413,9.732000000000001,151.089,10.79,78.86
North America,United States,10/17/2020,24520.74,171.331,664.076,2.323,135879970.0,410.51,1085942.0,3.281,0.053,0.0,0.0,0.0,331002647.0,38.3,15.413,9.732000000000001,151.089,10.79,78.86
North America,United States,10/18/2020,24669.836,149.095,665.557,1.48,136633197.0,412.786,753227.0,2.276,0.053,0.0,0.0,0.0,331002647.0,38.3,15.413,9.732000000000001,151.089,10.79,78.86
North America,United States,10/19/2020,24874.592999999997,204.757,667.0010000000001,1.444,137479698.0,415.343,846501.0,2.557,0.054000000000000006,0.0,0.0,0.0,331002647.0,38.3,15.413,9.732000000000001,151.089,10.79,78.86
North America,United States,10/20/2020,25061.8,187.207,669.795,2.795,138716436.0,419.08,1236738.0,3.736,0.054000000000000006,0.0,0.0,0.0,331002647.0,38.3,15.413,9.732000000000001,151.089,10.79,78.86
North America,United States,10/21/2020,25252.907000000003,191.107,673.27,3.4739999999999998,140149964.0,423.41,1433528.0,4.331,0.053,0.0,0.0,0.0,331002647.0,38.3,15.413,9.732000000000001,151.089,10.79,78.86
North America,United States,10/22/2020,25483.545,230.639,675.955,2.6860000000000004,141641571.0,427.917,1491607.0,4.506,0.053,0.0,0.0,0.0,331002647.0,38.3,15.413,9.732000000000001,151.089,10.79,78.86
North America,United States,10/23/2020,25730.917999999998,247.373,678.8560000000001,2.9,143077653.0,432.255,1436082.0,4.3389999999999995,0.054000000000000006,0.0,0.0,0.0,331002647.0,38.3,15.413,9.732000000000001,151.089,10.79,78.86
North America,United States,10/24/2020,25981.049,250.13099999999997,681.7289999999999,2.873,144219600.0,435.705,1141947.0,3.45,0.057,0.0,0.0,0.0,331002647.0,38.3,15.413,9.732000000000001,151.089,10.79,78.86
North America,United States,10/25/2020,26168.7,187.65099999999998,683.115,1.3869999999999998,144993732.0,438.04400000000004,774132.0,2.339,0.059000000000000004,0.0,0.0,0.0,331002647.0,38.3,15.413,9.732000000000001,151.089,10.79,78.86
North America,United States,10/26/2020,26372.39,203.69,684.7260000000001,1.61,145922606.0,440.85,928874.0,2.806,0.059000000000000004,0.0,0.0,0.0,331002647.0,38.3,15.413,9.732000000000001,151.089,10.79,78.86
North America,United States,10/27/2020,26604.391,232.00099999999998,687.6560000000001,2.93,147224901.0,444.785,1302295.0,3.9339999999999997,0.06,0.0,0.0,0.0,331002647.0,38.3,15.413,9.732000000000001,151.089,10.79,78.86
North America,United States,10/28/2020,26844.317000000003,239.926,690.7919999999999,3.136,148667617.0,449.14300000000003,1442716.0,4.359,0.062,0.0,0.0,0.0,331002647.0,38.3,15.413,9.732000000000001,151.089,10.79,78.86
North America,United States,10/29/2020,27119.526,275.209,693.816,3.0239999999999996,150106067.0,453.48900000000003,1438450.0,4.346,0.064,0.0,0.0,0.0,331002647.0,38.3,15.413,9.732000000000001,151.089,10.79,78.86
North America,United States,10/30/2020,27419.01,299.48400000000004,697.043,3.227,151591707.0,457.977,1485640.0,4.488,0.066,0.0,0.0,0.0,331002647.0,38.3,15.413,9.732000000000001,151.089,10.79,78.86
North America,United States,10/31/2020,27690.229,271.218,699.7860000000001,2.7430000000000003,152790045.0,461.598,1198338.0,3.62,0.066,0.0,0.0,0.0,331002647.0,38.3,15.413,9.732000000000001,151.089,10.79,78.86
North America,United States,11/1/2020,28007.217,316.988,701.278,1.492,153670654.0,464.25800000000004,880609.0,2.66,0.07400000000000001,0.0,0.0,0.0,331002647.0,38.3,15.413,9.732000000000001,151.089,10.79,78.86
North America,United States,11/2/2020,28264.937,257.72,703.013,1.734,154663183.0,467.25699999999995,992529.0,2.9989999999999997,0.076,0.0,0.0,0.0,331002647.0,38.3,15.413,9.732000000000001,151.089,10.79,78.86
North America,United States,11/3/2020,28648.967,384.03,707.78,4.7669999999999995,155993805.0,471.277,1330622.0,4.02,0.078,0.0,0.0,0.0,331002647.0,38.3,15.413,9.732000000000001,151.089,10.79,78.86
North America,United States,11/4/2020,28964.998,316.031,711.17,3.39,157578925.0,476.065,1585120.0,4.789,0.079,0.0,0.0,0.0,331002647.0,38.3,15.413,9.732000000000001,151.089,10.79,78.86
North America,United States,11/5/2020,29355.792,390.79400000000004,714.6410000000001,3.471,159226918.0,481.04400000000004,1647993.0,4.979,0.081,0.0,0.0,0.0,331002647.0,38.3,15.413,9.732000000000001,151.089,10.79,78.86
North America,United States,11/6/2020,29742.496,386.704,718.363,3.722,160860986.0,485.981,1634068.0,4.937,0.083,0.0,0.0,0.0,331002647.0,38.3,15.413,9.732000000000001,151.089,10.79,78.86
North America,United States,11/7/2020,30127.119,384.62199999999996,721.617,3.2539999999999996,162281389.0,490.272,1420403.0,4.291,0.08199999999999999,0.0,0.0,0.0,331002647.0,38.3,15.413,9.732000000000001,151.089,10.79,78.86
North America,United States,11/8/2020,30475.2,348.082,723.342,1.725,163265195.0,493.244,983806.0,2.972,0.078,0.0,0.0,0.0,331002647.0,38.3,15.413,9.732000000000001,151.089,10.79,78.86
North America,United States,11/9/2020,30839.463,364.26300000000003,725.695,2.353,164455201.0,496.84,1190006.0,3.595,0.08,0.0,0.0,0.0,331002647.0,38.3,15.413,9.732000000000001,151.089,10.79,78.86
North America,United States,11/10/2020,31263.925,424.462,729.9789999999999,4.284,165943942.0,501.337,1488741.0,4.498,0.084,0.0,0.0,0.0,331002647.0,38.3,15.413,9.732000000000001,151.089,10.79,78.86
North America,United States,11/11/2020,31706.901,442.975,734.317,4.338,167668141.0,506.546,1724199.0,5.209,0.086,0.0,0.0,0.0,331002647.0,38.3,15.413,9.732000000000001,151.089,10.79,78.86
North America,United States,11/12/2020,32204.881,497.981,737.952,3.634,169470313.0,511.991,1802172.0,5.445,0.08900000000000001,0.0,0.0,0.0,331002647.0,38.3,15.413,9.732000000000001,151.089,10.79,78.86
North America,United States,11/13/2020,32749.859,544.9780000000001,741.577,3.625,171328043.0,517.6030000000001,1857730.0,5.612,0.091,0.0,0.0,0.0,331002647.0,38.3,15.413,9.732000000000001,151.089,10.79,78.86
North America,United States,11/14/2020,33256.698,506.839,745.6439999999999,4.066,172905494.0,522.369,1577451.0,4.766,0.1,0.0,0.0,0.0,331002647.0,38.3,15.413,9.732000000000001,151.089,10.79,78.86
North America,United States,11/15/2020,33668.238,411.541,747.982,2.338,174083499.0,525.928,1178005.0,3.5589999999999997,0.09699999999999999,0.0,0.0,0.0,331002647.0,38.3,15.413,9.732000000000001,151.089,10.79,78.86
North America,United States,11/16/2020,34160.506,492.26800000000003,750.4860000000001,2.505,175531471.0,530.302,1447972.0,4.375,0.098,0.0,0.0,0.0,331002647.0,38.3,15.413,9.732000000000001,151.089,10.79,78.86
North America,United States,11/17/2020,34655.735,495.22900000000004,755.68,5.193,177374211.0,535.869,1842740.0,5.567,0.09699999999999999,0.0,0.0,0.0,331002647.0,38.3,15.413,9.732000000000001,151.089,10.79,78.86
North America,United States,11/18/2020,35178.927,523.192,761.529,5.849,179418727.0,542.0459999999999,2044516.0,6.1770000000000005,0.096,0.0,0.0,0.0,331002647.0,38.3,15.413,9.732000000000001,151.089,10.79,78.86
North America,United States,11/19/2020,35757.602,578.675,767.692,6.162999999999999,181440589.0,548.154,2021862.0,6.108,0.09699999999999999,0.0,0.0,0.0,331002647.0,38.3,15.413,9.732000000000001,151.089,10.79,78.86
North America,United States,11/20/2020,36356.687999999995,599.086,773.577,5.885,183530104.0,554.467,2089515.0,6.313,0.096,0.0,0.0,0.0,331002647.0,38.3,15.413,9.732000000000001,151.089,10.79,78.86
North America,United States,11/21/2020,36898.294,541.606,778.456,4.879,185333914.0,559.9169999999999,1803810.0,5.45,0.09300000000000001,0.0,0.0,0.0,331002647.0,38.3,15.413,9.732000000000001,151.089,10.79,78.86
North America,United States,11/22/2020,37341.729,443.435,781.574,3.1180000000000003,186729437.0,564.133,1395523.0,4.216,0.095,0.0,0.0,0.0,331002647.0,38.3,15.413,9.732000000000001,151.089,10.79,78.86
North America,United States,11/23/2020,37868.763999999996,527.035,784.888,3.3139999999999996,188364791.0,569.073,1635354.0,4.941,0.095,0.0,0.0,0.0,331002647.0,38.3,15.413,9.732000000000001,151.089,10.79,78.86
North America,United States,11/24/2020,38399.022000000004,530.259,791.32,6.432,190264044.0,574.811,1899253.0,5.7379999999999995,0.094,0.0,0.0,0.0,331002647.0,38.3,15.413,9.732000000000001,151.089,10.79,78.86
North America,United States,11/25/2020,38952.755,553.7330000000001,798.145,6.825,192426875.0,581.345,2162831.0,6.534,0.095,0.0,0.0,0.0,331002647.0,38.3,15.413,9.732000000000001,151.089,10.79,78.86
North America,United States,11/26/2020,39292.097,339.342,802.332,4.187,193899888.0,585.7959999999999,1473013.0,4.45,0.096,0.0,0.0,0.0,331002647.0,38.3,15.413,9.732000000000001,151.089,10.79,78.86
North America,United States,11/27/2020,39921.055,628.9590000000001,807.012,4.68,195376581.0,590.257,1476693.0,4.461,0.099,0.0,0.0,0.0,331002647.0,38.3,15.413,9.732000000000001,151.089,10.79,78.86
North America,United States,11/28/2020,40390.931000000004,469.875,811.1139999999999,4.103,196690269.0,594.226,1313688.0,3.969,0.1,0.0,0.0,0.0,331002647.0,38.3,15.413,9.732000000000001,151.089,10.79,78.86
North America,United States,11/29/2020,40814.598,423.667,814.2439999999999,3.13,197830361.0,597.67,1140092.0,3.444,0.102,0.0,0.0,0.0,331002647.0,38.3,15.413,9.732000000000001,151.089,10.79,78.86
North America,United States,11/30/2020,41299.7,485.102,818.311,4.066,199265829.0,602.007,1435468.0,4.337,0.10400000000000001,0.0,0.0,0.0,331002647.0,38.3,15.413,9.732000000000001,151.089,10.79,78.86
North America,United States,12/1/2020,41868.327000000005,568.627,825.9989999999999,7.689,201063889.0,607.439,1798060.0,5.432,0.106,0.0,0.0,0.0,331002647.0,38.3,15.413,9.732000000000001,151.089,10.79,78.86
North America,United States,12/2/2020,42480.27099999999,611.944,834.5160000000001,8.517000000000001,203113383.0,613.631,2049494.0,6.192,0.10800000000000001,0.0,0.0,0.0,331002647.0,38.3,15.413,9.732000000000001,151.089,10.79,78.86
North America,United States,12/3/2020,43155.824,675.554,843.428,8.912,205227617.0,620.018,2114234.0,6.3870000000000005,0.109,0.0,0.0,0.0,331002647.0,38.3,15.413,9.732000000000001,151.089,10.79,78.86
North America,United States,12/4/2020,43859.096,703.2719999999999,851.5189999999999,8.091000000000001,207293904.0,626.261,2066287.0,6.242999999999999,0.107,0.0,0.0,0.0,331002647.0,38.3,15.413,9.732000000000001,151.089,10.79,78.86
North America,United States,12/5/2020,44510.288,651.191,858.6030000000001,7.085,208943955.0,631.246,1650051.0,4.985,0.11,0.0,0.0,0.0,331002647.0,38.3,15.413,9.732000000000001,151.089,10.79,78.86
North America,United States,12/6/2020,45057.144,546.857,862.682,4.079,210216786.0,635.091,1272831.0,3.845,0.11,0.0,0.0,0.0,331002647.0,38.3,15.413,9.732000000000001,151.089,10.79,78.86
North America,United States,12/7/2020,45645.843,588.6990000000001,867.555,4.873,211714706.0,639.616,1497920.0,4.525,0.11199999999999999,0.0,0.0,0.0,331002647.0,38.3,15.413,9.732000000000001,151.089,10.79,78.86
North America,United States,12/8/2020,46324.056,678.212,875.4910000000001,7.936,213570947.0,645.224,1856241.0,5.608,0.115,0.0,0.0,0.0,331002647.0,38.3,15.413,9.732000000000001,151.089,10.79,78.86
North America,United States,12/9/2020,46996.361,672.306,885.09,9.597999999999999,215640626.0,651.477,2069679.0,6.252999999999999,0.11800000000000001,0.0,0.0,0.0,331002647.0,38.3,15.413,9.732000000000001,151.089,10.79,78.86
North America,United States,12/10/2020,47695.8,699.439,894.1289999999999,9.039,217761524.0,657.885,2120898.0,6.407,0.11599999999999999,0.0,0.0,0.0,331002647.0,38.3,15.413,9.732000000000001,151.089,10.79,78.86
North America,United States,12/11/2020,48420.797,724.997,904.446,10.317,219759896.0,663.922,1998372.0,6.037000000000001,0.11900000000000001,0.0,0.0,0.0,331002647.0,38.3,15.413,9.732000000000001,151.089,10.79,78.86
North America,United States,12/12/2020,49077.544,656.747,911.8689999999999,7.422999999999999,221442532.0,669.005,1682636.0,5.083,0.12,0.0,0.0,0.0,331002647.0,38.3,15.413,9.732000000000001,151.089,10.79,78.86
North America,United States,12/13/2020,49644.922999999995,567.379,916.7810000000001,4.912,222659004.0,672.68,1216472.0,3.675,0.121,0.0,0.0,0.0,331002647.0,38.3,15.413,9.732000000000001,151.089,10.79,78.86
North America,United States,12/14/2020,50230.151,585.2280000000001,921.7810000000001,5.0,224136104.0,677.143,1477100.0,4.463,0.122,0.0,0.0,0.0,331002647.0,38.3,15.413,9.732000000000001,151.089,10.79,78.86
North America,United States,12/15/2020,50864.901,634.75,931.1469999999999,9.365,226038091.0,682.8889999999999,1901987.0,5.746,0.12,0.0,0.0,0.0,331002647.0,38.3,15.413,9.732000000000001,151.089,10.79,78.86
North America,United States,12/16/2020,51610.043,745.1419999999999,942.382,11.235999999999999,228046928.0,688.9580000000001,2008837.0,6.069,0.122,0.0,0.0,0.0,331002647.0,38.3,15.413,9.732000000000001,151.089,10.79,78.86
North America,United States,12/17/2020,52334.14,724.097,952.8439999999999,10.462,230038588.0,694.975,1991660.0,6.017,0.126,0.0,0.0,0.0,331002647.0,38.3,15.413,9.732000000000001,151.089,10.79,78.86
North America,United States,12/18/2020,53095.267,761.127,961.7260000000001,8.882,231996796.0,700.8910000000001,1958208.0,5.916,0.126,0.0,0.0,0.0,331002647.0,38.3,15.413,9.732000000000001,151.089,10.79,78.86
North America,United States,12/19/2020,53675.003,579.736,969.735,8.009,233655328.0,705.9019999999999,1658532.0,5.011,0.125,0.0,0.0,0.0,331002647.0,38.3,15.413,9.732000000000001,151.089,10.79,78.86
North America,United States,12/20/2020,54242.207,567.2040000000001,974.9019999999999,5.166,234894086.0,709.6439999999999,1238758.0,3.742,0.126,556208.0,556208.0,0.0,331002647.0,38.3,15.413,9.732000000000001,151.089,10.79,78.86
North America,United States,12/21/2020,54843.709,601.503,980.753,5.852,236358516.0,714.068,1464430.0,4.4239999999999995,0.124,614117.0,614117.0,0.0,331002647.0,38.3,15.413,9.732000000000001,151.089,10.79,78.86
North America,United States,12/22/2020,55442.094000000005,598.385,991.0010000000001,10.248,238272071.0,719.8489999999999,1913555.0,5.781000000000001,0.12300000000000001,0.0,0.0,0.0,331002647.0,38.3,15.413,9.732000000000001,151.089,10.79,78.86
North America,United States,12/23/2020,56135.627,693.5319999999999,1001.327,10.325999999999999,240454194.0,726.442,2182123.0,6.5920000000000005,0.121,1008025.0,1008025.0,0.0,331002647.0,38.3,15.413,9.732000000000001,151.089,10.79,78.86
North America,United States,12/24/2020,56722.225999999995,586.6,1010.1160000000001,8.788,242270582.0,731.929,1816388.0,5.4879999999999995,0.11800000000000001,0.0,0.0,0.0,331002647.0,38.3,15.413,9.732000000000001,151.089,10.79,78.86
North America,United States,12/25/2020,57017.133,294.907,1014.342,4.227,243319729.0,735.0989999999999,1049147.0,3.17,0.11900000000000001,0.0,0.0,0.0,331002647.0,38.3,15.413,9.732000000000001,151.089,10.79,78.86
North America,United States,12/26/2020,57700.823,683.689,1020.0189999999999,5.6770000000000005,244277645.0,737.993,957916.0,2.8939999999999997,0.125,1944585.0,1944585.0,0.0,331002647.0,38.3,15.413,9.732000000000001,151.089,10.79,78.86
North America,United States,12/27/2020,58171.012,470.19,1024.336,4.317,245196396.0,740.7689999999999,918751.0,2.7760000000000002,0.124,0.0,0.0,0.0,331002647.0,38.3,15.413,9.732000000000001,151.089,10.79,78.86
North America,United States,12/28/2020,58698.654,527.6419999999999,1030.381,6.045,246435195.0,744.5110000000001,1238799.0,3.7430000000000003,0.126,2127143.0,2127143.0,0.0,331002647.0,38.3,15.413,9.732000000000001,151.089,10.79,78.86
North America,United States,12/29/2020,59303.456,604.802,1041.3419999999999,10.960999999999999,248233638.0,749.945,1798443.0,5.433,0.127,0.0,0.0,0.0,331002647.0,38.3,15.413,9.732000000000001,151.089,10.79,78.86
North America,United States,12/30/2020,60009.294,705.837,1052.608,11.265999999999998,250373142.0,756.408,2139504.0,6.4639999999999995,0.128,2794588.0,2794588.0,0.0,331002647.0,38.3,15.413,9.732000000000001,151.089,10.79,78.86
North America,United States,12/31/2020,60720.965,711.671,1063.016,10.408,252242657.0,762.056,1869515.0,5.648,0.131,0.0,0.0,0.0,331002647.0,38.3,15.413,9.732000000000001,151.089,10.79,78.86
North America,United States,1/1/2021,61184.737,463.773,1069.505,6.489,253451946.0,765.71,1209289.0,3.653,0.132,0.0,0.0,0.0,331002647.0,38.3,15.413,9.732000000000001,151.089,10.79,78.86
North America,United States,1/2/2021,62092.331,907.5939999999999,1077.055,7.55,254534995.0,768.982,1083049.0,3.272,0.141,4225756.0,4225756.0,0.0,331002647.0,38.3,15.413,9.732000000000001,151.089,10.79,78.86
North America,United States,1/3/2021,62722.96400000001,630.632,1081.405,4.35,255546893.0,772.039,1011898.0,3.057,0.145,0.0,0.0,0.0,331002647.0,38.3,15.413,9.732000000000001,151.089,10.79,78.86
North America,United States,1/4/2021,63279.754,556.79,1087.735,6.329,256891453.0,776.1010000000001,1344560.0,4.062,0.14400000000000002,4563260.0,4563260.0,0.0,331002647.0,38.3,15.413,9.732000000000001,151.089,10.79,78.86
North America,United States,1/5/2021,63989.863,710.1089999999999,1098.879,11.145,258778255.0,781.801,1886802.0,5.7,0.146,4836469.0,4836469.0,0.0,331002647.0,38.3,15.413,9.732000000000001,151.089,10.79,78.86
North America,United States,1/6/2021,64761.425,771.562,1110.728,11.849,261023393.0,788.584,2245138.0,6.7829999999999995,0.146,5306797.0,5306797.0,0.0,331002647.0,38.3,15.413,9.732000000000001,151.089,10.79,78.86
North America,United States,1/7/2021,65601.494,840.069,1122.698,11.97,263213581.0,795.201,2190188.0,6.617000000000001,0.146,5919418.0,5919418.0,0.0,331002647.0,38.3,15.413,9.732000000000001,151.089,10.79,78.86
North America,United States,1/8/2021,66487.429,885.936,1135.048,12.35,265286331.0,801.4630000000001,2072750.0,6.2620000000000005,0.147,6688231.0,6688231.0,0.0,331002647.0,38.3,15.413,9.732000000000001,151.089,10.79,78.86
North America,United States,1/9/2021,67280.948,793.5189999999999,1145.097,10.048,266961945.0,806.525,1675614.0,5.062,0.13699999999999998,0.0,0.0,0.0,331002647.0,38.3,15.413,9.732000000000001,151.089,10.79,78.86
North America,United States,1/10/2021,67925.257,644.309,1151.115,6.018,268092818.0,809.942,1130873.0,3.417,0.13699999999999998,0.0,0.0,0.0,331002647.0,38.3,15.413,9.732000000000001,151.089,10.79,78.86
North America,United States,1/11/2021,68574.745,649.487,1157.435,6.32,269555799.0,814.3610000000001,1462981.0,4.42,0.138,8987322.0,8987322.0,0.0,331002647.0,38.3,15.413,9.732000000000001,151.089,10.79,78.86
North America,United States,1/12/2021,69260.401,685.6560000000001,1170.9389999999999,13.504000000000001,271493137.0,820.2139999999999,1937338.0,5.853,0.13699999999999998,9327138.0,9327138.0,0.0,331002647.0,38.3,15.413,9.732000000000001,151.089,10.79,78.86
North America,United States,1/13/2021,69956.314,695.913,1183.093,12.154000000000002,273524094.0,826.35,2030957.0,6.136,0.13699999999999998,10278462.0,0.0,0.0,331002647.0,38.3,15.413,9.732000000000001,151.089,10.79,78.86
North America,United States,1/14/2021,70668.133,711.819,1195.072,11.979000000000001,275530912.0,832.413,2006818.0,6.063,0.134,11148991.0,9690757.0,1342086.0,331002647.0,38.3,15.413,9.732000000000001,151.089,10.79,78.86
North America,United States,1/15/2021,71401.505,733.372,1206.8239999999998,11.752,277490009.0,838.332,1959097.0,5.919,0.13,12279180.0,10595866.0,1610524.0,331002647.0,38.3,15.413,9.732000000000001,151.089,10.79,78.86
North America,United States,1/16/2021,72010.681,609.1759999999999,1217.162,10.338,279010313.0,842.925,1520304.0,4.593,0.129,0.0,0.0,0.0,331002647.0,38.3,15.413,9.732000000000001,151.089,10.79,78.86
North America,United States,1/17/2021,72547.81599999999,537.135,1222.7939999999999,5.631,280048456.0,846.061,1038143.0,3.136,0.127,0.0,0.0,0.0,331002647.0,38.3,15.413,9.732000000000001,151.089,10.79,78.86
North America,United States,1/18/2021,72981.018,433.202,1227.344,4.55,281259553.0,849.72,1211097.0,3.659,0.125,0.0,0.0,0.0,331002647.0,38.3,15.413,9.732000000000001,151.089,10.79,78.86
North America,United States,1/19/2021,73514.965,533.947,1235.585,8.242,282977089.0,854.909,1717536.0,5.189,0.121,15707588.0,13595803.0,2023124.0,331002647.0,38.3,15.413,9.732000000000001,151.089,10.79,78.86
North America,United States,1/20/2021,74068.447,553.482,1248.869,13.284,285026615.0,861.1010000000001,2049526.0,6.192,0.11800000000000001,16525281.0,14270441.0,2161419.0,331002647.0,38.3,15.413,9.732000000000001,151.089,10.79,78.86
North America,United States,1/21/2021,74653.79,585.3430000000001,1261.491,12.622,286998658.0,867.058,1972043.0,5.957999999999999,0.115,17546374.0,15053257.0,2394961.0,331002647.0,38.3,15.413,9.732000000000001,151.089,10.79,78.86
North America,United States,1/22/2021,75229.849,576.059,1273.0230000000001,11.532,288847858.0,872.645,1849200.0,5.587000000000001,0.111,19107959.0,16243093.0,2756953.0,331002647.0,38.3,15.413,9.732000000000001,151.089,10.79,78.86
North America,United States,1/23/2021,75745.319,515.47,1283.086,10.062999999999999,290333575.0,877.1339999999999,1485717.0,4.489,0.10800000000000001,20537990.0,17390345.0,3027865.0,331002647.0,38.3,15.413,9.732000000000001,151.089,10.79,78.86
North America,United States,1/24/2021,76141.18,395.861,1288.7839999999999,5.6979999999999995,291301957.0,880.059,968382.0,2.926,0.105,21848655.0,18502131.0,3216836.0,331002647.0,38.3,15.413,9.732000000000001,151.089,10.79,78.86
North America,United States,1/25/2021,76600.297,459.11699999999996,1294.73,5.946000000000001,292495565.0,883.665,1193608.0,3.6060000000000003,0.10300000000000001,22734243.0,19252279.0,3346390.0,331002647.0,38.3,15.413,9.732000000000001,151.089,10.79,78.86
North America,United States,1/26/2021,77046.12400000001,445.827,1306.893,12.163,294219875.0,888.875,1724310.0,5.209,0.10400000000000001,23540994.0,19902237.0,3481921.0,331002647.0,38.3,15.413,9.732000000000001,151.089,10.79,78.86
North America,United States,1/27/2021,77509.078,462.954,1318.8110000000001,11.918,296215335.0,894.903,1995460.0,6.029,0.10099999999999999,24652634.0,20687970.0,3801053.0,331002647.0,38.3,15.413,9.732000000000001,151.089,10.79,78.86
North America,United States,1/28/2021,78020.433,511.355,1330.944,12.133,298052653.0,900.454,1837318.0,5.551,0.1,26193682.0,21698606.0,4263056.0,331002647.0,38.3,15.413,9.732000000000001,151.089,10.79,78.86
North America,United States,1/29/2021,78523.432,502.999,1341.838,10.894,299815954.0,905.7810000000001,1763301.0,5.327000000000001,0.098,27884661.0,22858318.0,4780888.0,331002647.0,38.3,15.413,9.732000000000001,151.089,10.79,78.86
North America,United States,1/30/2021,78953.405,429.972,1350.17,8.332,301194659.0,909.946,1378705.0,4.165,0.096,29577902.0,24064165.0,5259693.0,331002647.0,38.3,15.413,9.732000000000001,151.089,10.79,78.86
North America,United States,1/31/2021,79291.828,338.423,1355.7079999999999,5.537999999999999,302115150.0,912.727,920491.0,2.781,0.094,31123299.0,25201143.0,5657142.0,331002647.0,38.3,15.413,9.732000000000001,151.089,10.79,78.86
North America,United States,2/1/2021,79700.203,408.374,1361.865,6.157,303119614.0,915.762,1004464.0,3.035,0.095,32222402.0,26023153.0,5927847.0,331002647.0,38.3,15.413,9.732000000000001,151.089,10.79,78.86
North America,United States,2/2/2021,80048.63799999999,348.435,1372.3329999999999,10.468,304699559.0,920.535,1579945.0,4.773,0.09300000000000001,32780860.0,26440836.0,6064792.0,331002647.0,38.3,15.413,9.732000000000001,151.089,10.79,78.86
North America,United States,2/3/2021,80416.04,367.402,1384.0279999999998,11.695,306508363.0,926.0,1808804.0,5.465,0.091,33878254.0,27154956.0,6436931.0,331002647.0,38.3,15.413,9.732000000000001,151.089,10.79,78.86
North America,United States,2/4/2021,80790.429,374.39,1395.306,11.277999999999999,308382426.0,931.6619999999999,1874063.0,5.662000000000001,0.08800000000000001,35203710.0,27905197.0,6926050.0,331002647.0,38.3,15.413,9.732000000000001,151.089,10.79,78.86
North America,United States,2/5/2021,81196.354,405.92400000000004,1406.227,10.921,310151144.0,937.005,1768718.0,5.343999999999999,0.084,36819212.0,28909497.0,7503864.0,331002647.0,38.3,15.413,9.732000000000001,151.089,10.79,78.86
North America,United States,2/6/2021,81510.511,314.158,1414.0520000000001,7.825,311441400.0,940.903,1290256.0,3.898,0.08199999999999999,39037964.0,30250964.0,8317180.0,331002647.0,38.3,15.413,9.732000000000001,151.089,10.79,78.86
North America,United States,2/7/2021,81781.382,270.871,1418.146,4.093999999999999,312245867.0,943.3330000000001,804467.0,2.43,0.08,41210937.0,31579100.0,9147185.0,331002647.0,38.3,15.413,9.732000000000001,151.089,10.79,78.86
North America,United States,2/8/2021,82054.32,272.937,1422.974,4.828,313250468.0,946.368,1004601.0,3.035,0.077,42417617.0,32340146.0,9518015.0,331002647.0,38.3,15.413,9.732000000000001,151.089,10.79,78.86
North America,United States,2/9/2021,82343.2,288.88,1432.233,9.26,314876010.0,951.279,1625542.0,4.9110000000000005,0.07400000000000001,43206190.0,32867213.0,9840429.0,331002647.0,38.3,15.413,9.732000000000001,151.089,10.79,78.86
North America,United States,2/10/2021,82630.62599999999,287.427,1442.245,10.012,316437362.0,955.9960000000001,1561352.0,4.717,0.073,44769970.0,33783384.0,10469514.0,331002647.0,38.3,15.413,9.732000000000001,151.089,10.79,78.86
North America,United States,2/11/2021,82949.95,319.324,1451.8220000000001,9.577,317796072.0,960.1010000000001,1358710.0,4.105,0.07400000000000001,46390270.0,34723964.0,11188782.0,331002647.0,38.3,15.413,9.732000000000001,151.089,10.79,78.86
North America,United States,2/12/2021,83250.881,300.931,1460.5929999999998,8.77,319147958.0,964.186,1351886.0,4.084,0.075,48410558.0,35834855.0,12085830.0,331002647.0,38.3,15.413,9.732000000000001,151.089,10.79,78.86
North America,United States,2/13/2021,83514.078,263.197,1467.1670000000001,6.574,320193629.0,967.345,1045671.0,3.159,0.075,50641884.0,37056122.0,13082172.0,331002647.0,38.3,15.413,9.732000000000001,151.089,10.79,78.86
North America,United States,2/14/2021,83710.512,196.433,1470.55,3.384,320835195.0,969.283,641566.0,1.9380000000000002,0.073,52884356.0,38292270.0,14077440.0,331002647.0,38.3,15.413,9.732000000000001,151.089,10.79,78.86
North America,United States,2/15/2021,83874.239,163.727,1473.375,2.825,321601258.0,971.597,766063.0,2.314,0.07200000000000001,0.0,0.0,0.0,331002647.0,38.3,15.413,9.732000000000001,151.089,10.79,78.86
North America,United States,2/16/2021,84063.73599999999,189.497,1478.58,5.205,322801037.0,975.222,1199779.0,3.625,0.071,55220364.0,39670551.0,15015434.0,331002647.0,38.3,15.413,9.732000000000001,151.089,10.79,78.86
North America,United States,2/17/2021,84275.528,211.793,1485.8010000000002,7.22,324218048.0,979.503,1417011.0,4.281000000000001,0.069,56281827.0,40268009.0,15471536.0,331002647.0,38.3,15.413,9.732000000000001,151.089,10.79,78.86
North America,United States,2/18/2021,84485.666,210.137,1493.2479999999998,7.447,325563089.0,983.566,1345041.0,4.064,0.065,57737767.0,41021049.0,16162358.0,331002647.0,38.3,15.413,9.732000000000001,151.089,10.79,78.86
North America,United States,2/19/2021,84726.132,240.46599999999998,1501.227,7.979,326861032.0,987.488,1297943.0,3.9210000000000003,0.062,59585043.0,41977401.0,17039118.0,331002647.0,38.3,15.413,9.732000000000001,151.089,10.79,78.86
North America,United States,2/20/2021,84942.185,216.053,1506.644,5.417000000000001,327866473.0,990.525,1005441.0,3.0380000000000003,0.06,61289500.0,42809595.0,17895667.0,331002647.0,38.3,15.413,9.732000000000001,151.089,10.79,78.86
North America,United States,2/21/2021,85114.543,172.358,1510.293,3.65,328528413.0,992.525,661940.0,2.0,0.057999999999999996,63090634.0,43628092.0,18865319.0,331002647.0,38.3,15.413,9.732000000000001,151.089,10.79,78.86
North America,United States,2/22/2021,85284.4,169.857,1514.1989999999998,3.906,329526731.0,995.541,998318.0,3.016,0.055999999999999994,64177474.0,44138118.0,19438495.0,331002647.0,38.3,15.413,9.732000000000001,151.089,10.79,78.86
North America,United States,2/23/2021,85502.69099999999,218.291,1521.033,6.834,331099543.0,1000.293,1572812.0,4.752,0.055,65032083.0,44544969.0,19882544.0,331002647.0,38.3,15.413,9.732000000000001,151.089,10.79,78.86
North America,United States,2/24/2021,85728.369,225.678,1530.595,9.562000000000001,332703761.0,1005.1389999999999,1604218.0,4.8469999999999995,0.055,66464947.0,45237143.0,20607261.0,331002647.0,38.3,15.413,9.732000000000001,151.089,10.79,78.86
North America,United States,2/25/2021,85962.491,234.122,1537.701,7.106,334224442.0,1009.7330000000001,1520681.0,4.593999999999999,0.054000000000000006,68274117.0,46074392.0,21555117.0,331002647.0,38.3,15.413,9.732000000000001,151.089,10.79,78.86
North America,United States,2/26/2021,86194.903,232.412,1544.033,6.332000000000001,335602502.0,1013.8969999999999,1378060.0,4.163,0.054000000000000006,70454064.0,47184199.0,22613359.0,331002647.0,38.3,15.413,9.732000000000001,151.089,10.79,78.86
North America,United States,2/27/2021,86389.442,194.53900000000002,1548.537,4.504,336618374.0,1016.966,1015872.0,3.069,0.054000000000000006,72806180.0,48435536.0,23698627.0,331002647.0,38.3,15.413,9.732000000000001,151.089,10.79,78.86
North America,United States,2/28/2021,86544.241,154.799,1551.701,3.1630000000000003,337221808.0,1018.789,603434.0,1.8230000000000002,0.054000000000000006,75236003.0,49772180.0,24779920.0,331002647.0,38.3,15.413,9.732000000000001,151.089,10.79,78.86
North America,United States,3/1/2021,86722.222,177.98,1556.3110000000001,4.61,338141141.0,1021.566,919333.0,2.7769999999999997,0.054000000000000006,76899987.0,50732997.0,25466405.0,331002647.0,38.3,15.413,9.732000000000001,151.089,10.79,78.86
North America,United States,3/2/2021,86894.55,172.328,1562.154,5.843,339648967.0,1026.122,1507826.0,4.555,0.052000000000000005,78631601.0,51755447.0,26162122.0,331002647.0,38.3,15.413,9.732000000000001,151.089,10.79,78.86
North America,United States,3/3/2021,87097.55099999999,203.00099999999998,1569.634,7.48,341309927.0,1031.14,1660960.0,5.018,0.051,80540474.0,52855579.0,26957804.0,331002647.0,38.3,15.413,9.732000000000001,151.089,10.79,78.86
North America,United States,3/4/2021,87302.98199999999,205.43,1575.441,5.807,342778646.0,1035.577,1468719.0,4.437,0.051,82572848.0,54035670.0,27795980.0,331002647.0,38.3,15.413,9.732000000000001,151.089,10.79,78.86
North America,United States,3/5/2021,87503.59300000001,200.612,1580.767,5.3260000000000005,344074672.0,1039.492,1296026.0,3.915,0.05,85008094.0,55547697.0,28701201.0,331002647.0,38.3,15.413,9.732000000000001,151.089,10.79,78.86
North America,United States,3/6/2021,87679.40800000001,175.81400000000002,1585.277,4.511,345024354.0,1042.361,949682.0,2.8689999999999998,0.049,87912323.0,57358849.0,29776160.0,331002647.0,38.3,15.413,9.732000000000001,151.089,10.79,78.86
North America,United States,3/7/2021,87803.171,123.76299999999999,1587.3229999999999,2.045,345520453.0,1043.86,496099.0,1.499,0.049,90351750.0,58873710.0,30686881.0,331002647.0,38.3,15.413,9.732000000000001,151.089,10.79,78.86
North America,United States,3/8/2021,87939.164,135.993,1589.51,2.187,346240148.0,1046.0339999999999,719695.0,2.174,0.059000000000000004,92089852.0,60005231.0,31493040.0,331002647.0,38.3,15.413,9.732000000000001,151.089,10.79,78.86
North America,United States,3/9/2021,88113.46800000001,174.304,1594.912,5.402,347178480.0,1048.869,938332.0,2.835,0.063,93692598.0,61088527.0,32102061.0,331002647.0,38.3,15.413,9.732000000000001,151.089,10.79,78.86
North America,United States,3/10/2021,88288.508,175.041,1599.6070000000002,4.695,347654084.0,1050.306,475604.0,1.4369999999999998,0.07400000000000001,95721290.0,62451150.0,32904161.0,331002647.0,38.3,15.413,9.732000000000001,151.089,10.79,78.86
North America,United States,3/11/2021,88477.039,188.53,1604.31,4.704,0.0,0.0,0.0,0.0,0.0,98203893.0,64071674.0,33863127.0,331002647.0,38.3,15.413,9.732000000000001,151.089,10.79,78.86
North America,United States,3/12/2021,88661.944,184.905,1609.023,4.713,0.0,0.0,0.0,0.0,0.0,101128005.0,65965305.0,35000159.0,331002647.0,38.3,15.413,9.732000000000001,151.089,10.79,78.86
North America,United States,3/13/2021,88822.713,160.769,1614.235,5.211,0.0,0.0,0.0,0.0,0.0,105703501.0,68884011.0,36929777.0,331002647.0,38.3,15.413,9.732000000000001,151.089,10.79,78.86
North America,United States,3/14/2021,88938.186,115.473,1615.963,1.7280000000000002,0.0,0.0,0.0,0.0,0.0,107060274.0,69784210.0,37459269.0,331002647.0,38.3,15.413,9.732000000000001,151.089,10.79,78.86
North America,United States,3/15/2021,89109.33,171.144,1618.1989999999998,2.2359999999999998,0.0,0.0,0.0,0.0,0.0,109081860.0,71054445.0,38335432.0,331002647.0,38.3,15.413,9.732000000000001,151.089,10.79,78.86
North America,United States,3/16/2021,89271.198,161.869,1622.0839999999998,3.885,0.0,0.0,0.0,0.0,0.0,110737856.0,72135616.0,39042345.0,331002647.0,38.3,15.413,9.732000000000001,151.089,10.79,78.86
North America,United States,3/17/2021,89447.87400000001,176.675,1625.6270000000002,3.5439999999999996,0.0,0.0,0.0,0.0,0.0,113037627.0,73669956.0,39989196.0,331002647.0,38.3,15.413,9.732000000000001,151.089,10.79,78.86
